{"type":"FeatureCollection","features":[{"type":"Feature","geometry":{"type":"Point","coordinates":[103.90126239343292,1.402303006159079]},"properties":{"category":"Supermarket","name":"LI LI CHENG SUPERMARKET (PUNGGOL) PTE. LTD.","address":"273C PUNGGOL PLACE 823273"}},{"type":"Feature","geometry":{"type":"Point","coordinates":[103.87091403556296,1.314239370571344]},"properties":{"category":"Supermarket","name":"SHENG SIONG SUPERMARKET PTE LTD","address":"11 UPPER BOON KENG ROAD 380011"}},{"type":"Feature","geometry":{"type":"Point","coordinates":[103.88636553823109,1.373321217284139]},"properties":{"category":"Supermarket","name":"COLD STORAGE SINGAPORE (1983) PTE LTD","address":"683 HOUGANG AVENUE 8 530683"}},{"type":"Feature","geometry":{"type":"Point","coordinates":[103.91494183113159,1.332958727231502]},"properties":{"category":"Supermarket","name":"COLD STORAGE SINGAPORE (1983) PTE LTD","address":"631 BEDOK RESERVOIR ROAD 470631"}},{"type":"Feature","geometry":{"type":"Point","coordinates":[103.9530099210859,1.353453155922566]},"properties":{"category":"Supermarket","name":"YES SUPERMARKET PTE LTD","address":"201B TAMPINES STREET 21 522201"}},{"type":"Feature","geometry":{"type":"Point","coordinates":[103.95358649775005,1.352262312539641]},"properties":{"category":"Supermarket","name":"SUZYAMEER FROZEN PTE. LTD.","address":"201D TAMPINES STREET 21 524201"}},{"type":"Feature","geometry":{"type":"Point","coordinates":[103.85296696309287,1.36538421638454]},"properties":{"category":"Supermarket","name":"G8 MART PTE. LTD.","address":"421 ANG MO KIO AVENUE 10 560421"}},{"type":"Feature","geometry":{"type":"Point","coordinates":[103.8367406379395,1.367549247830961]},"properties":{"category":"Supermarket","name":"SHENG SIONG SUPERMARKET PTE LTD","address":"233 ANG MO KIO AVENUE 3 560233"}},{"type":"Feature","geometry":{"type":"Point","coordinates":[103.8906807948528,1.353702969337646]},"properties":{"category":"Supermarket","name":"PRIME SUPERMARKET (1996) PTE LTD","address":"106 HOUGANG AVENUE 1 530106"}},{"type":"Feature","geometry":{"type":"Point","coordinates":[103.84239644824021,1.430071097067311]},"properties":{"category":"Supermarket","name":"TAN KWEE ENG","address":"327 YISHUN RING ROAD 760327"}},{"type":"Feature","geometry":{"type":"Point","coordinates":[103.84341324101325,1.370188604362583]},"properties":{"category":"Supermarket","name":"SHENG SIONG SUPERMARKET PTE LTD","address":"122 ANG MO KIO AVENUE 3 560122"}},{"type":"Feature","geometry":{"type":"Point","coordinates":[103.83288266607548,1.422138650283686]},"properties":{"category":"Supermarket","name":"KAI SOON SUPERMARKET PTE. LTD.","address":"780 YISHUN RING ROAD 760780"}},{"type":"Feature","geometry":{"type":"Point","coordinates":[103.76726005384752,1.323250400852181]},"properties":{"category":"Supermarket","name":"COLD STORAGE SINGAPORE (1983) PTE LTD","address":"41 SUNSET WAY 597071"}},{"type":"Feature","geometry":{"type":"Point","coordinates":[103.81424554529725,1.322573175939222]},"properties":{"category":"Supermarket","name":"THE FISHWIVES PTE. LTD.","address":"501 BUKIT TIMAH ROAD 259760"}},{"type":"Feature","geometry":{"type":"Point","coordinates":[103.87874621482008,1.334292413752538]},"properties":{"category":"Supermarket","name":"PRIME SUPERMARKET LIMITED","address":"1 UPPER ALJUNIED LANE 360001"}},{"type":"Feature","geometry":{"type":"Point","coordinates":[103.8866997593284,1.314206548662401]},"properties":{"category":"Supermarket","name":"ABEDIN TRADING PTE. LTD.","address":"599 GEYLANG ROAD 389538"}},{"type":"Feature","geometry":{"type":"Point","coordinates":[103.87615267039699,1.302221781096562]},"properties":{"category":"Supermarket","name":"COLD STORAGE SINGAPORE (1983) PTE LTD","address":"5 STADIUM WALK 397693"}},{"type":"Feature","geometry":{"type":"Point","coordinates":[103.84365677180686,1.320211016017531]},"properties":{"category":"Supermarket","name":"COLD STORAGE SINGAPORE (1983) PTE LTD","address":"238 THOMSON ROAD 307683"}},{"type":"Feature","geometry":{"type":"Point","coordinates":[103.7627411834785,1.378349713513199]},"properties":{"category":"Supermarket","name":"SONG FISH DEALER PTE LTD","address":"17 PETIR ROAD 678278"}},{"type":"Feature","geometry":{"type":"Point","coordinates":[103.8007012050408,1.439916079013365]},"properties":{"category":"Supermarket","name":"THE SEAFOOD MARKET PLACE (BY SONG FISH) PTE. LTD.","address":"676 WOODLANDS DRIVE 71 730676"}},{"type":"Feature","geometry":{"type":"Point","coordinates":[103.8570109875088,1.307785100708023]},"properties":{"category":"Supermarket","name":"SHENG SIONG SUPERMARKET PTE LTD","address":"1 JALAN BERSEH 209037"}},{"type":"Feature","geometry":{"type":"Point","coordinates":[103.8238527991871,1.304843444875262]},"properties":{"category":"Supermarket","name":"COLD STORAGE SINGAPORE (1983) PTE LTD","address":"163 TANGLIN ROAD 247933"}},{"type":"Feature","geometry":{"type":"Point","coordinates":[103.80938167216009,1.303445974430903]},"properties":{"category":"Supermarket","name":"BLUEWATER SEAFOOD PTE. LTD.","address":"8D DEMPSEY ROAD 249672"}},{"type":"Feature","geometry":{"type":"Point","coordinates":[103.82446382319513,1.305709706462781]},"properties":{"category":"Supermarket","name":"WONS BUTCHERY PTE. LTD.","address":"1 ST. MARTIN'S DRIVE 257988"}},{"type":"Feature","geometry":{"type":"Point","coordinates":[103.7952461666444,1.31064350283674]},"properties":{"category":"Supermarket","name":"LITTLE FARMS PTE. LTD.","address":"3 LORONG LIPUT 277725"}},{"type":"Feature","geometry":{"type":"Point","coordinates":[103.87962231543011,1.312451045399602]},"properties":{"category":"Supermarket","name":"B & S MINI MART PTE. LTD.","address":"310 GEYLANG ROAD 389349"}},{"type":"Feature","geometry":{"type":"Point","coordinates":[103.8964982435075,1.303733734355678]},"properties":{"category":"Supermarket","name":"CHEE MIN KUAN, SIMON","address":"342 TANJONG KATONG ROAD 437112"}},{"type":"Feature","geometry":{"type":"Point","coordinates":[103.98586940612243,1.318452010864344]},"properties":{"category":"Supermarket","name":"JSJ CORPORATION PTE. LTD.","address":"31A TANAH MERAH COAST ROAD 498720"}},{"type":"Feature","geometry":{"type":"Point","coordinates":[103.94197817765541,1.378602380374992]},"properties":{"category":"Supermarket","name":"U STARS PTE. LTD.","address":"625 ELIAS ROAD 510625"}},{"type":"Feature","geometry":{"type":"Point","coordinates":[103.77421326346071,1.340826614867928]},"properties":{"category":"Supermarket","name":"LOTTE MART PTE. LTD.","address":"17 LORONG KILAT 598139"}},{"type":"Feature","geometry":{"type":"Point","coordinates":[103.72748074571744,1.322108363140969]},"properties":{"category":"Supermarket","name":"AJMAL TRADING GROUP PTE. LTD.","address":"5 JALAN PAPAN 619396"}},{"type":"Feature","geometry":{"type":"Point","coordinates":[103.7050997058551,1.324919804133891]},"properties":{"category":"Supermarket","name":"MURUGAN TRADERS PTE LTD","address":"9 TRACTOR ROAD 627970"}},{"type":"Feature","geometry":{"type":"Point","coordinates":[103.73930310634607,1.355723076076793]},"properties":{"category":"Supermarket","name":"SHENG SIONG SUPERMARKET PTE LTD","address":"440 BUKIT BATOK WEST AVENUE 8 650440"}},{"type":"Feature","geometry":{"type":"Point","coordinates":[103.80548757911977,1.446804131550357]},"properties":{"category":"Supermarket","name":"SHENG SIONG SUPERMARKET PTE LTD","address":"785E WOODLANDS RISE 735785"}},{"type":"Feature","geometry":{"type":"Point","coordinates":[103.80943895291497,1.461525547826337]},"properties":{"category":"Supermarket","name":"AJMAL TRADING GROUP PTE. LTD.","address":"2 WOODLANDS SECTOR 2 737723"}},{"type":"Feature","geometry":{"type":"Point","coordinates":[103.84355889217652,1.42015550315719]},"properties":{"category":"Supermarket","name":"SHENG SIONG SUPERMARKET PTE LTD","address":"675 YISHUN AVENUE 4 760675"}},{"type":"Feature","geometry":{"type":"Point","coordinates":[103.83903020037762,1.444341295239443]},"properties":{"category":"Supermarket","name":"PHAN NEE TRADING LLP","address":"2B YISHUN AVENUE 7 768929"}},{"type":"Feature","geometry":{"type":"Point","coordinates":[103.91935275568383,1.399904204137241]},"properties":{"category":"Supermarket","name":"HAO MART PTE. LTD.","address":"658 PUNGGOL EAST 820658"}},{"type":"Feature","geometry":{"type":"Point","coordinates":[103.913195747038,1.402878451385898]},"properties":{"category":"Supermarket","name":"THE SEAFOOD MARKET PLACE (BY SONG FISH) PTE. LTD.","address":"681 PUNGGOL DRIVE 820681"}},{"type":"Feature","geometry":{"type":"Point","coordinates":[103.85389071128344,1.372645695427819]},"properties":{"category":"Supermarket","name":"COLD STORAGE SINGAPORE (1983) PTE LTD","address":"525 ANG MO KIO AVENUE 10 560525"}},{"type":"Feature","geometry":{"type":"Point","coordinates":[103.84347074086504,1.274588224228702]},"properties":{"category":"Supermarket","name":"PAN PACIFIC INTERNATIONAL HOLDINGS PTE. LTD.","address":"100 TRAS STREET 79027"}},{"type":"Feature","geometry":{"type":"Point","coordinates":[103.90223249698414,1.309822273986524]},"properties":{"category":"Supermarket","name":"COLD STORAGE SINGAPORE (1983) PTE LTD","address":"291 JOO CHIAT ROAD 427543"}},{"type":"Feature","geometry":{"type":"Point","coordinates":[103.91651960144121,1.402621965104391]},"properties":{"category":"Supermarket","name":"SHENG SIONG SUPERMARKET PTE LTD","address":"660A EDGEDALE PLAINS 821660"}},{"type":"Feature","geometry":{"type":"Point","coordinates":[103.90373508512188,1.337338623685967]},"properties":{"category":"Supermarket","name":"VIVA CORP SERVICES PTE. LTD.","address":"23 KAKI BUKIT ROAD 3 415812"}},{"type":"Feature","geometry":{"type":"Point","coordinates":[103.8065868862753,1.331761099076414]},"properties":{"category":"Supermarket","name":"SWISS BUTCHERY (2013) PRIVATE LIMITED","address":"30 GREENWOOD AVENUE 289230"}},{"type":"Feature","geometry":{"type":"Point","coordinates":[103.80649241938362,1.331832408086001]},"properties":{"category":"Supermarket","name":"ROSWELL ENTERPRISE PTE LTD","address":"34 GREENWOOD AVENUE 289236"}},{"type":"Feature","geometry":{"type":"Point","coordinates":[103.75434143081938,1.336830973719222]},"properties":{"category":"Supermarket","name":"T S J INDUSTRIAL (S) PTE. LTD.","address":"48 TOH GUAN ROAD EAST 608586"}},{"type":"Feature","geometry":{"type":"Point","coordinates":[103.90511359045813,1.301191314722927]},"properties":{"category":"Supermarket","name":"COLD STORAGE SINGAPORE (1983) PTE LTD","address":"80 MARINE PARADE ROAD 449269"}},{"type":"Feature","geometry":{"type":"Point","coordinates":[103.86410165051365,1.309742420129594]},"properties":{"category":"Supermarket","name":"COLD STORAGE SINGAPORE (1983) PTE LTD","address":"12 KALLANG AVENUE 339511"}},{"type":"Feature","geometry":{"type":"Point","coordinates":[103.89448052787547,1.314692141160646]},"properties":{"category":"Supermarket","name":"COLD STORAGE SINGAPORE (1983) PTE LTD","address":"11 TANJONG KATONG ROAD 437157"}},{"type":"Feature","geometry":{"type":"Point","coordinates":[103.76528451750976,1.303582690526958]},"properties":{"category":"Supermarket","name":"COLD STORAGE SINGAPORE (1983) PTE LTD","address":"154 WEST COAST ROAD 127371"}},{"type":"Feature","geometry":{"type":"Point","coordinates":[103.78821453852473,1.30684882667915]},"properties":{"category":"Supermarket","name":"COLD STORAGE SINGAPORE (1983) PTE LTD","address":"1 VISTA EXCHANGE GREEN 138617"}},{"type":"Feature","geometry":{"type":"Point","coordinates":[103.83537131009341,1.283450773131431]},"properties":{"category":"Supermarket","name":"FOODIE MARKET PLACE PTE. LTD.","address":"225 OUTRAM ROAD 169038"}},{"type":"Feature","geometry":{"type":"Point","coordinates":[103.85570159450691,1.309752747146395]},"properties":{"category":"Supermarket","name":"MUSTAFA HOLDINGS PTE LTD","address":"147 SYED ALWI ROAD 207706"}},{"type":"Feature","geometry":{"type":"Point","coordinates":[103.82850901630098,1.306195799136307]},"properties":{"category":"Supermarket","name":"SUPERNATURE PTE LTD","address":"583 ORCHARD ROAD 238884"}},{"type":"Feature","geometry":{"type":"Point","coordinates":[103.81018582420178,1.306792407188517]},"properties":{"category":"Supermarket","name":"HUBER'S PTE. LTD.","address":"22 DEMPSEY ROAD 249679"}},{"type":"Feature","geometry":{"type":"Point","coordinates":[103.80935793882857,1.324373509665355]},"properties":{"category":"Supermarket","name":"MEAT THE BUTCHER PTE. LTD.","address":"615 BUKIT TIMAH ROAD 269716"}},{"type":"Feature","geometry":{"type":"Point","coordinates":[103.77894726361582,1.316618983365363]},"properties":{"category":"Supermarket","name":"YEO KENG GUAN","address":"5 RIDGEWOOD CLOSE 276696"}},{"type":"Feature","geometry":{"type":"Point","coordinates":[103.78584062381243,1.317561968357265]},"properties":{"category":"Supermarket","name":"COLD STORAGE SINGAPORE (1983) PTE LTD","address":"293 HOLLAND ROAD 278628"}},{"type":"Feature","geometry":{"type":"Point","coordinates":[103.80680925937298,1.331491471556822]},"properties":{"category":"Supermarket","name":"COLD STORAGE SINGAPORE (1983) PTE LTD","address":"20 GREENWOOD AVENUE 289215"}},{"type":"Feature","geometry":{"type":"Point","coordinates":[103.83672388247423,1.435760800715715]},"properties":{"category":"Supermarket","name":"COLD STORAGE SINGAPORE (1983) PTE LTD","address":"291 YISHUN STREET 22 760291"}},{"type":"Feature","geometry":{"type":"Point","coordinates":[103.69907027073826,1.332122901366898]},"properties":{"category":"Supermarket","name":"CHD @ SOON LEE PTE. LTD.","address":"51 SOON LEE ROAD 628088"}},{"type":"Feature","geometry":{"type":"Point","coordinates":[103.72522154603715,1.325468084099264]},"properties":{"category":"Supermarket","name":"SHENG SIONG SUPERMARKET PTE LTD","address":"3 YUAN CHING ROAD 618642"}},{"type":"Feature","geometry":{"type":"Point","coordinates":[103.62672926307873,1.295013686475083]},"properties":{"category":"Supermarket","name":"MD SYDUR RAHMAN","address":"13 TUAS SOUTH STREET 5 637555"}},{"type":"Feature","geometry":{"type":"Point","coordinates":[103.78643691689831,1.45605972594876]},"properties":{"category":"Supermarket","name":"7SEVEN PTE. LTD.","address":"51 NORTH COAST AVENUE 756992"}},{"type":"Feature","geometry":{"type":"Point","coordinates":[103.78740406002734,1.299294066584199]},"properties":{"category":"Supermarket","name":"COLD STORAGE SINGAPORE (1983) PTE LTD","address":"1 FUSIONOPOLIS WAY 138632"}},{"type":"Feature","geometry":{"type":"Point","coordinates":[103.83239285609154,1.448864020516015]},"properties":{"category":"Supermarket","name":"SHENG SIONG SUPERMARKET PTE LTD","address":"105 CANBERRA STREET 750105"}},{"type":"Feature","geometry":{"type":"Point","coordinates":[103.80619805831836,1.440629922329109]},"properties":{"category":"Supermarket","name":"U STARS PTE. LTD.","address":"691 WOODLANDS DRIVE 73 730691"}},{"type":"Feature","geometry":{"type":"Point","coordinates":[103.88965392106266,1.399228565808986]},"properties":{"category":"Supermarket","name":"SHENG SIONG SUPERMARKET PTE LTD","address":"338 ANCHORVALE CRESCENT 540338"}},{"type":"Feature","geometry":{"type":"Point","coordinates":[103.8798724895284,1.391587041391925]},"properties":{"category":"Supermarket","name":"SHENG SIONG SUPERMARKET PTE LTD","address":"417 FERNVALE LINK 790417"}},{"type":"Feature","geometry":{"type":"Point","coordinates":[103.79109517707822,1.451325053046333]},"properties":{"category":"Supermarket","name":"BHANDARI INTERNATIONAL PTE. LTD.","address":"280 WOODLANDS INDUSTRIAL PARK E5 (PART OF) 757322"}},{"type":"Feature","geometry":{"type":"Point","coordinates":[103.77974686401181,1.433512533503223]},"properties":{"category":"Supermarket","name":"SHENG SIONG SUPERMARKET PTE LTD","address":"4 WOODLANDS STREET 12 738623"}},{"type":"Feature","geometry":{"type":"Point","coordinates":[103.84290816806501,1.281800624559336]},"properties":{"category":"Supermarket","name":"WAN SIEW YOONG","address":"4 SAGO LANE 50004"}},{"type":"Feature","geometry":{"type":"Point","coordinates":[103.859812582011,1.328211694743873]},"properties":{"category":"Supermarket","name":"HAO MART PTE. LTD.","address":"17 JALAN TENTERAM 321017"}},{"type":"Feature","geometry":{"type":"Point","coordinates":[103.7506946372795,1.359259406996908]},"properties":{"category":"Supermarket","name":"MCP FAIRMART PTE LTD","address":"BLK 371 BUKIT BATOK STREET 31 650371"}},{"type":"Feature","geometry":{"type":"Point","coordinates":[103.83081146903696,1.27784876908694]},"properties":{"category":"Supermarket","name":"HAO MART PTE. LTD.","address":"146 JALAN BUKIT MERAH 160146"}},{"type":"Feature","geometry":{"type":"Point","coordinates":[103.83943473542541,1.30083891641636]},"properties":{"category":"Supermarket","name":"PAN PACIFIC INTERNATIONAL HOLDINGS PTE. LTD.","address":"181 ORCHARD ROAD 238896"}},{"type":"Feature","geometry":{"type":"Point","coordinates":[103.89255060532663,1.318675758514627]},"properties":{"category":"Supermarket","name":"COLD STORAGE SINGAPORE (1983) PTE LTD","address":"60 PAYA LEBAR ROAD 409051"}},{"type":"Feature","geometry":{"type":"Point","coordinates":[103.80500997056481,1.288614691020731]},"properties":{"category":"Supermarket","name":"COLD STORAGE SINGAPORE (1983) PTE LTD","address":"370 ALEXANDRA ROAD 159953"}},{"type":"Feature","geometry":{"type":"Point","coordinates":[103.8357764975858,1.429698481502829]},"properties":{"category":"Supermarket","name":"COLD STORAGE SINGAPORE (1983) PTE LTD","address":"930 YISHUN AVENUE 2 769098"}},{"type":"Feature","geometry":{"type":"Point","coordinates":[103.88507992873129,1.359496638305771]},"properties":{"category":"Supermarket","name":"COLD STORAGE SINGAPORE (1983) PTE LTD","address":"205 HOUGANG STREET 21 530205"}},{"type":"Feature","geometry":{"type":"Point","coordinates":[103.76375097431824,1.302464091933941]},"properties":{"category":"Supermarket","name":"SHENG SIONG SUPERMARKET PTE LTD","address":"720 CLEMENTI WEST STREET 2 120720"}},{"type":"Feature","geometry":{"type":"Point","coordinates":[103.8609127879988,1.308365268412557]},"properties":{"category":"Supermarket","name":"PRIME SUPERMARKET LIMITED","address":"803 KING GEORGE'S AVENUE 200803"}},{"type":"Feature","geometry":{"type":"Point","coordinates":[103.93401024100113,1.348732840702026]},"properties":{"category":"Supermarket","name":"PRIME SUPERMARKET LIMITED","address":"823 TAMPINES STREET 81 520823"}},{"type":"Feature","geometry":{"type":"Point","coordinates":[103.93491252280853,1.349224187714914]},"properties":{"category":"Supermarket","name":"COLD STORAGE SINGAPORE (1983) PTE LTD","address":"829 TAMPINES STREET 81 520829"}},{"type":"Feature","geometry":{"type":"Point","coordinates":[103.78568873384363,1.43600783793562]},"properties":{"category":"Supermarket","name":"COLD STORAGE SINGAPORE (1983) PTE LTD","address":"1 WOODLANDS SQUARE 738099"}},{"type":"Feature","geometry":{"type":"Point","coordinates":[103.79341633265105,1.430840066335466]},"properties":{"category":"Supermarket","name":"COLD STORAGE SINGAPORE (1983) PTE LTD","address":"548 WOODLANDS DRIVE 44 730548"}},{"type":"Feature","geometry":{"type":"Point","coordinates":[103.85433449672261,1.340642933080359]},"properties":{"category":"Supermarket","name":"LIN POH LING","address":"212 LORONG 8 TOA PAYOH 310212"}},{"type":"Feature","geometry":{"type":"Point","coordinates":[103.87186162379425,1.350675514239523]},"properties":{"category":"Supermarket","name":"COLD STORAGE SINGAPORE (1983) PTE LTD","address":"23 SERANGOON CENTRAL 556083"}},{"type":"Feature","geometry":{"type":"Point","coordinates":[103.85578697651778,1.300142483269731]},"properties":{"category":"Supermarket","name":"COLD STORAGE SINGAPORE (1983) PTE LTD","address":"230 VICTORIA STREET 188024"}},{"type":"Feature","geometry":{"type":"Point","coordinates":[103.63351228237126,1.271642262635223]},"properties":{"category":"Supermarket","name":"NAWAS GLOBAL PTE. LTD.","address":"3 TUAS SOUTH STREET 12 636947"}},{"type":"Feature","geometry":{"type":"Point","coordinates":[103.75940617078402,1.408529965704229]},"properties":{"category":"Supermarket","name":"SADIA MINIMART PTE LTD","address":"11 MANDAI ESTATE 729908"}},{"type":"Feature","geometry":{"type":"Point","coordinates":[103.84458629887415,1.291514786134575]},"properties":{"category":"Supermarket","name":"MEIDI-YA SINGAPORE CO (PTE) LTD","address":"177 RIVER VALLEY ROAD 179030"}},{"type":"Feature","geometry":{"type":"Point","coordinates":[103.84504762850304,1.300747561965291]},"properties":{"category":"Supermarket","name":"IROHA INTERNATIONAL PTE. LTD.","address":"68 ORCHARD ROAD 238839"}},{"type":"Feature","geometry":{"type":"Point","coordinates":[103.8425610310022,1.292259588539336]},"properties":{"category":"Supermarket","name":"COLD STORAGE SINGAPORE (1983) PTE LTD","address":"81 CLEMENCEAU AVENUE 239917"}},{"type":"Feature","geometry":{"type":"Point","coordinates":[103.8269408123009,1.293017861115596]},"properties":{"category":"Supermarket","name":"LITTLE FARMS PTE. LTD.","address":"491 RIVER VALLEY ROAD 248371"}},{"type":"Feature","geometry":{"type":"Point","coordinates":[103.73829280465766,1.322136362887766]},"properties":{"category":"Supermarket","name":"SHENG SIONG SUPERMARKET PTE LTD","address":"61 TEBAN GARDENS ROAD 600061"}},{"type":"Feature","geometry":{"type":"Point","coordinates":[103.7184037528991,1.377610838977396]},"properties":{"category":"Supermarket","name":"PHAN NEE INVESTMENTS (S) PTE LTD","address":"500 OLD CHOA CHU KANG ROAD 698924"}},{"type":"Feature","geometry":{"type":"Point","coordinates":[103.94620124449547,1.331775816682261]},"properties":{"category":"Supermarket","name":"COLD STORAGE SINGAPORE (1983) PTE LTD","address":"430 UPPER CHANGI ROAD 487048"}},{"type":"Feature","geometry":{"type":"Point","coordinates":[103.96083972795154,1.375588307639114]},"properties":{"category":"Supermarket","name":"RAW MARKET PTE. LTD.","address":"11 PASIR RIS LINK 518180"}},{"type":"Feature","geometry":{"type":"Point","coordinates":[103.79684404699168,1.311921956381807]},"properties":{"category":"Supermarket","name":"THE BUTCHER (SINGAPORE) PTE. LTD.","address":"44 JALAN MERAH SAGA 278116"}},{"type":"Feature","geometry":{"type":"Point","coordinates":[103.83968538042203,1.433595142460734]},"properties":{"category":"Supermarket","name":"HAO MART PTE. LTD.","address":"239 YISHUN RING ROAD 760239"}},{"type":"Feature","geometry":{"type":"Point","coordinates":[103.77463279975395,1.342074963001162]},"properties":{"category":"Supermarket","name":"SEOUL BUTCHERY PTE. LTD.","address":"13 YUK TONG AVENUE 596318"}},{"type":"Feature","geometry":{"type":"Point","coordinates":[103.82007344902156,1.459828173983036]},"properties":{"category":"Supermarket","name":"V SURESH KUMAR","address":"51 ADMIRALTY ROAD WEST - LODGE 1 757443"}},{"type":"Feature","geometry":{"type":"Point","coordinates":[103.79313381323358,1.33899462247198]},"properties":{"category":"Supermarket","name":"COLD STORAGE SINGAPORE (1983) PTE LTD","address":"200 TURF CLUB ROAD 287994"}},{"type":"Feature","geometry":{"type":"Point","coordinates":[103.88364667440409,1.313175097159618]},"properties":{"category":"Supermarket","name":"HAO MART PTE. LTD.","address":"448/450 GEYLANG ROAD 389407"}},{"type":"Feature","geometry":{"type":"Point","coordinates":[103.83524031192245,1.303723223673697]},"properties":{"category":"Supermarket","name":"COLD STORAGE SINGAPORE (1983) PTE LTD","address":"290 ORCHARD ROAD 238859"}},{"type":"Feature","geometry":{"type":"Point","coordinates":[103.85284480426353,1.277372360435622]},"properties":{"category":"Supermarket","name":"COLD STORAGE SINGAPORE (1983) PTE LTD","address":"5 STRAITS VIEW 18935"}},{"type":"Feature","geometry":{"type":"Point","coordinates":[103.84504762850304,1.300747561965291]},"properties":{"category":"Supermarket","name":"COLD STORAGE SINGAPORE (1983) PTE LTD","address":"68 ORCHARD ROAD 238839"}},{"type":"Feature","geometry":{"type":"Point","coordinates":[103.83175791100471,1.293802360916106]},"properties":{"category":"Supermarket","name":"COLD STORAGE SINGAPORE (1983) PTE LTD","address":"1 KIM SENG PROMENADE 237994"}},{"type":"Feature","geometry":{"type":"Point","coordinates":[103.63416391546538,1.270309783884678]},"properties":{"category":"Supermarket","name":"POPULAR SUPERMARKET PTE LTD","address":"12 TUAS SOUTH STREET 13 636937"}},{"type":"Feature","geometry":{"type":"Point","coordinates":[103.63416391546538,1.270309783884678]},"properties":{"category":"Supermarket","name":"SADIA SUPERMARKET & TRADING (S) PTE. LTD.","address":"12 TUAS SOUTH STREET 13 636937"}},{"type":"Feature","geometry":{"type":"Point","coordinates":[103.84192109686099,1.247758618647255]},"properties":{"category":"Supermarket","name":"COLD STORAGE SINGAPORE (1983) PTE LTD","address":"31 OCEAN WAY 98375"}},{"type":"Feature","geometry":{"type":"Point","coordinates":[103.8273458513895,1.319436175215409]},"properties":{"category":"Supermarket","name":"COLD STORAGE SINGAPORE (1983) PTE LTD","address":"383 BUKIT TIMAH ROAD 259727"}},{"type":"Feature","geometry":{"type":"Point","coordinates":[103.76617053201458,1.385295562487765]},"properties":{"category":"Supermarket","name":"COLD STORAGE SINGAPORE (1983) PTE LTD","address":"524A JELAPANG ROAD 671524"}},{"type":"Feature","geometry":{"type":"Point","coordinates":[103.84988170129819,1.349622344031466]},"properties":{"category":"Supermarket","name":"COLD STORAGE SINGAPORE (1983) PTE LTD","address":"512 BISHAN STREET 13 570512"}},{"type":"Feature","geometry":{"type":"Point","coordinates":[103.85048300870533,1.331661834294792]},"properties":{"category":"Supermarket","name":"NTUC FAIRPRICE CO-OPERATIVE LTD","address":"192 LORONG 4 TOA PAYOH 310192"}},{"type":"Feature","geometry":{"type":"Point","coordinates":[103.95312597410218,1.360323317265888]},"properties":{"category":"Supermarket","name":"NTUC FAIRPRICE CO-OPERATIVE LTD","address":"475 TAMPINES STREET 44 520475"}},{"type":"Feature","geometry":{"type":"Point","coordinates":[103.94812893239263,1.348371048242748]},"properties":{"category":"Supermarket","name":"NTUC FAIRPRICE CO-OPERATIVE LTD","address":"107 TAMPINES STREET 11 521107"}},{"type":"Feature","geometry":{"type":"Point","coordinates":[103.90447160757017,1.392197773625603]},"properties":{"category":"Supermarket","name":"NTUC FAIRPRICE CO-OPERATIVE LTD","address":"11 RIVERVALE CRESCENT 545082"}},{"type":"Feature","geometry":{"type":"Point","coordinates":[103.9015580275631,1.384932016711704]},"properties":{"category":"Supermarket","name":"NTUC FAIRPRICE CO-OPERATIVE LTD","address":"118 RIVERVALE DRIVE 540118"}},{"type":"Feature","geometry":{"type":"Point","coordinates":[103.83091978842565,1.354669018820813]},"properties":{"category":"Supermarket","name":"NTUC FAIRPRICE CO-OPERATIVE LTD","address":"301 UPPER THOMSON ROAD 574408"}},{"type":"Feature","geometry":{"type":"Point","coordinates":[103.84705035379682,1.33296549379099]},"properties":{"category":"Supermarket","name":"NTUC FAIRPRICE CO-OPERATIVE LTD","address":"500 LORONG 6 TOA PAYOH 310500"}},{"type":"Feature","geometry":{"type":"Point","coordinates":[103.91068965695642,1.323976883572483]},"properties":{"category":"Supermarket","name":"NTUC FAIRPRICE CO-OPERATIVE LTD","address":"110 LENGKONG TIGA 410110"}},{"type":"Feature","geometry":{"type":"Point","coordinates":[103.8437852597577,1.357222823771379]},"properties":{"category":"Supermarket","name":"NTUC FAIRPRICE CO-OPERATIVE LTD","address":"279 BISHAN STREET 24 570279"}},{"type":"Feature","geometry":{"type":"Point","coordinates":[103.9362075706959,1.379767536195756]},"properties":{"category":"Supermarket","name":"NTUC FAIRPRICE CO-OPERATIVE LTD","address":"734 PASIR RIS STREET 72 510734"}},{"type":"Feature","geometry":{"type":"Point","coordinates":[103.89876489864187,1.31553964712889]},"properties":{"category":"Supermarket","name":"NTUC FAIRPRICE CO-OPERATIVE LTD","address":"2 JOO CHIAT ROAD 420002"}},{"type":"Feature","geometry":{"type":"Point","coordinates":[103.88476385571695,1.307827372473687]},"properties":{"category":"Supermarket","name":"NTUC FAIRPRICE CO-OPERATIVE LTD","address":"41 JALAN TIGA 390041"}},{"type":"Feature","geometry":{"type":"Point","coordinates":[103.98516964787659,1.354370737982976]},"properties":{"category":"Supermarket","name":"NTUC FAIRPRICE CO-OPERATIVE LTD","address":"65 AIRPORT BOULEVARD 819663"}},{"type":"Feature","geometry":{"type":"Point","coordinates":[103.90326627556823,1.3211897960458]},"properties":{"category":"Supermarket","name":"NTUC FAIRPRICE CO-OPERATIVE LTD","address":"5 EUNOS CRESCENT 400005"}},{"type":"Feature","geometry":{"type":"Point","coordinates":[103.87186162379425,1.350675514239523]},"properties":{"category":"Supermarket","name":"NTUC FAIRPRICE CO-OPERATIVE LTD","address":"23 SERANGOON CENTRAL 556083"}},{"type":"Feature","geometry":{"type":"Point","coordinates":[103.93805129200321,1.33233467983475]},"properties":{"category":"Supermarket","name":"NTUC FAIRPRICE CO-OPERATIVE LTD","address":"89 BEDOK NORTH STREET 4 460089"}},{"type":"Feature","geometry":{"type":"Point","coordinates":[103.88854491363365,1.314149968354415]},"properties":{"category":"Supermarket","name":"NTUC FAIRPRICE CO-OPERATIVE LTD","address":"612-620 GEYLANG ROAD 389551"}},{"type":"Feature","geometry":{"type":"Point","coordinates":[103.96238930678899,1.33432515420149]},"properties":{"category":"Supermarket","name":"NTUC FAIRPRICE CO-OPERATIVE LTD","address":"5 CHANGI BUSINESS PARK CENTRAL 1 486038"}},{"type":"Feature","geometry":{"type":"Point","coordinates":[103.96365390777639,1.334919773992499]},"properties":{"category":"Supermarket","name":"NTUC FAIRPRICE CO-OPERATIVE LTD","address":"8 CHANGI BUSINESS PARK AVENUE 1 486018"}},{"type":"Feature","geometry":{"type":"Point","coordinates":[103.92926765736281,1.324772079023249]},"properties":{"category":"Supermarket","name":"NTUC FAIRPRICE CO-OPERATIVE LTD","address":"311 NEW UPPER CHANGI ROAD 467360"}},{"type":"Feature","geometry":{"type":"Point","coordinates":[103.94156870749974,1.324245549911849]},"properties":{"category":"Supermarket","name":"NTUC FAIRPRICE CO-OPERATIVE LTD","address":"57 NEW UPPER CHANGI ROAD 461057"}},{"type":"Feature","geometry":{"type":"Point","coordinates":[103.98875097765561,1.355190944090195]},"properties":{"category":"Supermarket","name":"NTUC FAIRPRICE CO-OPERATIVE LTD","address":"60 AIRPORT BOULEVARD 819643"}},{"type":"Feature","geometry":{"type":"Point","coordinates":[103.90285038005682,1.303850308482599]},"properties":{"category":"Supermarket","name":"NTUC FAIRPRICE CO-OPERATIVE LTD","address":"30 EAST COAST ROAD 428751"}},{"type":"Feature","geometry":{"type":"Point","coordinates":[103.86703683844092,1.33253590792602]},"properties":{"category":"Supermarket","name":"NTUC FAIRPRICE CO-OPERATIVE LTD","address":"6 POTONG PASIR AVENUE 2 358361"}},{"type":"Feature","geometry":{"type":"Point","coordinates":[103.87275070773795,1.303843278500283]},"properties":{"category":"Supermarket","name":"NTUC FAIRPRICE CO-OPERATIVE LTD","address":"1 STADIUM PLACE 397628"}},{"type":"Feature","geometry":{"type":"Point","coordinates":[103.95302450023127,1.342706189152748]},"properties":{"category":"Supermarket","name":"NTUC FAIRPRICE CO-OPERATIVE LTD","address":"3 SIMEI STREET 6 528833"}},{"type":"Feature","geometry":{"type":"Point","coordinates":[103.87929450259102,1.331770550278869]},"properties":{"category":"Supermarket","name":"NTUC FAIRPRICE CO-OPERATIVE LTD","address":"401 MACPHERSON ROAD 368125"}},{"type":"Feature","geometry":{"type":"Point","coordinates":[103.88876270943729,1.336538676581906]},"properties":{"category":"Supermarket","name":"NTUC FAIRPRICE CO-OPERATIVE LTD","address":"18 TAI SENG STREET 539775"}},{"type":"Feature","geometry":{"type":"Point","coordinates":[103.89473135510539,1.318869412009212]},"properties":{"category":"Supermarket","name":"NTUC FAIRPRICE CO-OPERATIVE LTD","address":"10 EUNOS ROAD 8 408600"}},{"type":"Feature","geometry":{"type":"Point","coordinates":[103.89632702193833,1.30416447197841]},"properties":{"category":"Supermarket","name":"JMD RETAIL PTE. LTD.","address":"330 TANJONG KATONG ROAD 437106"}},{"type":"Feature","geometry":{"type":"Point","coordinates":[103.81003132049933,1.281122278520799]},"properties":{"category":"Supermarket","name":"NTUC FAIRPRICE CO-OPERATIVE LTD","address":"108 DEPOT ROAD 100108"}},{"type":"Feature","geometry":{"type":"Point","coordinates":[103.82158925041453,1.263895819502791]},"properties":{"category":"Supermarket","name":"COLD STORAGE SINGAPORE (1983) PTE LTD","address":"1 HARBOURFRONT WALK 98585"}},{"type":"Feature","geometry":{"type":"Point","coordinates":[103.78169720137687,1.30476357340406]},"properties":{"category":"Supermarket","name":"NTUC FAIRPRICE CO-OPERATIVE LTD","address":"28 DOVER CRESCENT 130028"}},{"type":"Feature","geometry":{"type":"Point","coordinates":[103.75311841662014,1.380030577650629]},"properties":{"category":"Supermarket","name":"NTUC FAIRPRICE CO-OPERATIVE LTD","address":"140 TECK WHYE LANE 680140"}},{"type":"Feature","geometry":{"type":"Point","coordinates":[103.70535100057734,1.339315039390868]},"properties":{"category":"Supermarket","name":"NTUC FAIRPRICE CO-OPERATIVE LTD","address":"63 JURONG WEST CENTRAL 3 648331"}},{"type":"Feature","geometry":{"type":"Point","coordinates":[103.74655806929245,1.397301899547073]},"properties":{"category":"Supermarket","name":"NTUC FAIRPRICE CO-OPERATIVE LTD","address":"21 CHOA CHU KANG NORTH 6 689578"}},{"type":"Feature","geometry":{"type":"Point","coordinates":[103.74732972458854,1.39712885652649]},"properties":{"category":"Supermarket","name":"NTUC FAIRPRICE CO-OPERATIVE LTD","address":"61 CHOA CHU KANG DRIVE 689715"}},{"type":"Feature","geometry":{"type":"Point","coordinates":[103.63034008798267,1.311467847399736]},"properties":{"category":"Supermarket","name":"LAMIAH ENTERPRISE PTE. LTD.","address":"5 TECH PARK CRESCENT 638127"}},{"type":"Feature","geometry":{"type":"Point","coordinates":[103.76424820476244,1.314853226162708]},"properties":{"category":"Supermarket","name":"NTUC FAIRPRICE CO-OPERATIVE LTD","address":"3155 COMMONWEALTH AVENUE WEST 129588"}},{"type":"Feature","geometry":{"type":"Point","coordinates":[103.80893481733796,1.273382529999815]},"properties":{"category":"Supermarket","name":"NTUC FAIRPRICE CO-OPERATIVE LTD","address":"78A TELOK BLANGAH STREET 32 101078"}},{"type":"Feature","geometry":{"type":"Point","coordinates":[103.8011269554365,1.273676580260625]},"properties":{"category":"Supermarket","name":"NTUC FAIRPRICE CO-OPERATIVE LTD","address":"460 ALEXANDRA ROAD 119963"}},{"type":"Feature","geometry":{"type":"Point","coordinates":[103.74017674162438,1.333268182326015]},"properties":{"category":"Supermarket","name":"NTUC FAIRPRICE CO-OPERATIVE LTD","address":"2 JURONG EAST CENTRAL 1 609731"}},{"type":"Feature","geometry":{"type":"Point","coordinates":[103.77135056604185,1.314278608956548]},"properties":{"category":"Supermarket","name":"NTUC FAIRPRICE CO-OPERATIVE LTD","address":"352 CLEMENTI AVENUE 2 120352"}},{"type":"Feature","geometry":{"type":"Point","coordinates":[103.72430732775919,1.348333349080913]},"properties":{"category":"Supermarket","name":"NTUC FAIRPRICE CO-OPERATIVE LTD","address":"498 JURONG WEST STREET 41 640498"}},{"type":"Feature","geometry":{"type":"Point","coordinates":[103.75908094392084,1.311885960986308]},"properties":{"category":"Supermarket","name":"NTUC FAIRPRICE CO-OPERATIVE LTD","address":"502 WEST COAST DRIVE 120502"}},{"type":"Feature","geometry":{"type":"Point","coordinates":[103.78408402018678,1.292774326959023]},"properties":{"category":"Supermarket","name":"NTUC FAIRPRICE CO-OPERATIVE LTD","address":"1 LOWER KENT RIDGE ROAD 119082"}},{"type":"Feature","geometry":{"type":"Point","coordinates":[103.7570445862561,1.347701477794245]},"properties":{"category":"Supermarket","name":"NTUC FAIRPRICE CO-OPERATIVE LTD","address":"280 BUKIT BATOK EAST AVENUE 3 650280"}},{"type":"Feature","geometry":{"type":"Point","coordinates":[103.7431704309006,1.333200216714258]},"properties":{"category":"Supermarket","name":"NTUC FAIRPRICE CO-OPERATIVE LTD","address":"50 JURONG GATEWAY ROAD 608549"}},{"type":"Feature","geometry":{"type":"Point","coordinates":[103.7468471231221,1.366506980926088]},"properties":{"category":"Supermarket","name":"NTUC FAIRPRICE CO-OPERATIVE LTD","address":"2 BUKIT BATOK WEST AVENUE 7 659003"}},{"type":"Feature","geometry":{"type":"Point","coordinates":[103.63157232573342,1.311002402597012]},"properties":{"category":"Supermarket","name":"SHINVA AGRO FOODS PTE. LTD.","address":"11 TECH PARK CRESCENT 638121"}},{"type":"Feature","geometry":{"type":"Point","coordinates":[103.6780963687201,1.324606651011488]},"properties":{"category":"Supermarket","name":"NTUC FAIRPRICE CO-OPERATIVE LTD","address":"1 JOO KOON CIRCLE 629117"}},{"type":"Feature","geometry":{"type":"Point","coordinates":[103.6277888921165,1.30091146604999]},"properties":{"category":"Supermarket","name":"SHINVA AGRO FOODS PTE. LTD.","address":"115 TUAS VIEW WALK 1 637734"}},{"type":"Feature","geometry":{"type":"Point","coordinates":[103.74309957614355,1.39207387943478]},"properties":{"category":"Supermarket","name":"NTUC FAIRPRICE CO-OPERATIVE LTD","address":"533 CHOA CHU KANG STREET 51 680533"}},{"type":"Feature","geometry":{"type":"Point","coordinates":[103.74265152289253,1.3205202719914]},"properties":{"category":"Supermarket","name":"NTUC FAIRPRICE CO-OPERATIVE LTD","address":"37 TEBAN GARDENS ROAD 600037"}},{"type":"Feature","geometry":{"type":"Point","coordinates":[103.72085741890177,1.371932804715582]},"properties":{"category":"Supermarket","name":"PHAN NEE INVESTMENTS (S) PTE LTD","address":"500 OLD CHOA CHU KANG ROAD 698928"}},{"type":"Feature","geometry":{"type":"Point","coordinates":[103.73919949986904,1.342591041677321]},"properties":{"category":"Supermarket","name":"NTUC FAIRPRICE CO-OPERATIVE LTD","address":"249 JURONG EAST STREET 24 600249"}},{"type":"Feature","geometry":{"type":"Point","coordinates":[103.80302376314306,1.282201364277263]},"properties":{"category":"Supermarket","name":"THE QUALITYMART DEPOT PTE. LTD.","address":"180 DEPOT ROAD 109684"}},{"type":"Feature","geometry":{"type":"Point","coordinates":[103.6854184715266,1.348133785036882]},"properties":{"category":"Supermarket","name":"COLD STORAGE SINGAPORE (1983) PTE LTD","address":"35 STUDENTS WALK 639548"}},{"type":"Feature","geometry":{"type":"Point","coordinates":[103.74394844800298,1.353038247336461]},"properties":{"category":"Supermarket","name":"SHENG SIONG SUPERMARKET PTE LTD","address":"451 BUKIT BATOK WEST AVENUE 6 650451"}},{"type":"Feature","geometry":{"type":"Point","coordinates":[103.79718733871051,1.276045194755426]},"properties":{"category":"Supermarket","name":"HONESTBEE PTE. LTD.","address":"34 BOON LEAT TERRACE 119866"}},{"type":"Feature","geometry":{"type":"Point","coordinates":[103.82693508159133,1.286463456805586]},"properties":{"category":"Supermarket","name":"NTUC FAIRPRICE CO-OPERATIVE LTD","address":"302 TIONG BAHRU ROAD 168732"}},{"type":"Feature","geometry":{"type":"Point","coordinates":[103.81764287420435,1.283119502779159]},"properties":{"category":"Supermarket","name":"NTUC FAIRPRICE CO-OPERATIVE LTD","address":"166 BUKIT MERAH CENTRAL 150166"}},{"type":"Feature","geometry":{"type":"Point","coordinates":[103.85105563633498,1.325126532927023]},"properties":{"category":"Supermarket","name":"NTUC FAIRPRICE CO-OPERATIVE LTD","address":"360 BALESTIER ROAD 329783"}},{"type":"Feature","geometry":{"type":"Point","coordinates":[103.82679375881798,1.289778140036262]},"properties":{"category":"Supermarket","name":"NTUC FAIRPRICE CO-OPERATIVE LTD","address":"50 HAVELOCK ROAD 160050"}},{"type":"Feature","geometry":{"type":"Point","coordinates":[103.84300612210097,1.276240529757539]},"properties":{"category":"Supermarket","name":"NTUC FAIRPRICE CO-OPERATIVE LTD","address":"5 TANJONG PAGAR PLAZA 81005"}},{"type":"Feature","geometry":{"type":"Point","coordinates":[103.83853393377478,1.297275320477895]},"properties":{"category":"Supermarket","name":"NTUC FAIRPRICE CO-OPERATIVE LTD","address":"131 KILLINEY ROAD 239571"}},{"type":"Feature","geometry":{"type":"Point","coordinates":[103.76399395163797,1.380542440563628]},"properties":{"category":"Supermarket","name":"NTUC FAIRPRICE CO-OPERATIVE LTD","address":"1 JELEBU ROAD 677743"}},{"type":"Feature","geometry":{"type":"Point","coordinates":[103.81946210542647,1.448226530032876]},"properties":{"category":"Supermarket","name":"NTUC FAIRPRICE CO-OPERATIVE LTD","address":"30 SEMBAWANG DRIVE 757713"}},{"type":"Feature","geometry":{"type":"Point","coordinates":[103.77405119869846,1.432626029393596]},"properties":{"category":"Supermarket","name":"NTUC FAIRPRICE CO-OPERATIVE LTD","address":"71 WOODLANDS AVENUE 3 739044"}},{"type":"Feature","geometry":{"type":"Point","coordinates":[103.79513640220944,1.437556564499022]},"properties":{"category":"Supermarket","name":"NTUC FAIRPRICE CO-OPERATIVE LTD","address":"888 WOODLANDS DRIVE 50 730888"}},{"type":"Feature","geometry":{"type":"Point","coordinates":[103.84659555097087,1.424528481185306]},"properties":{"category":"Supermarket","name":"NTUC FAIRPRICE CO-OPERATIVE LTD","address":"414 YISHUN RING ROAD 760414"}},{"type":"Feature","geometry":{"type":"Point","coordinates":[103.78113689015808,1.429194682597919]},"properties":{"category":"Supermarket","name":"NTUC FAIRPRICE CO-OPERATIVE LTD","address":"30 WOODLANDS AVENUE 1 739065"}},{"type":"Feature","geometry":{"type":"Point","coordinates":[103.83499514285961,1.429525220566809]},"properties":{"category":"Supermarket","name":"NTUC FAIRPRICE CO-OPERATIVE LTD","address":"301 YISHUN AVENUE 2 769093"}},{"type":"Feature","geometry":{"type":"Point","coordinates":[103.83521818774253,1.416983155816384]},"properties":{"category":"Supermarket","name":"NTUC FAIRPRICE CO-OPERATIVE LTD","address":"849 YISHUN RING ROAD 760849"}},{"type":"Feature","geometry":{"type":"Point","coordinates":[103.76021843975582,1.385096014667308]},"properties":{"category":"Supermarket","name":"NTUC FAIRPRICE CO-OPERATIVE LTD","address":"628 SENJA ROAD 670628"}},{"type":"Feature","geometry":{"type":"Point","coordinates":[103.84162408845177,1.366558298572115]},"properties":{"category":"Supermarket","name":"NTUC FAIRPRICE CO-OPERATIVE LTD","address":"215 ANG MO KIO AVENUE 1 560215"}},{"type":"Feature","geometry":{"type":"Point","coordinates":[103.84403989941939,1.411035981122668]},"properties":{"category":"Supermarket","name":"NTUC FAIRPRICE CO-OPERATIVE LTD","address":"1 ORCHID CLUB ROAD 769162"}},{"type":"Feature","geometry":{"type":"Point","coordinates":[103.80999957854849,1.323835126809054]},"properties":{"category":"Supermarket","name":"NTUC FAIRPRICE CO-OPERATIVE LTD","address":"587 BUKIT TIMAH ROAD 269707"}},{"type":"Feature","geometry":{"type":"Point","coordinates":[103.7654767585959,1.312482993297559]},"properties":{"category":"Supermarket","name":"NTUC FAIRPRICE CO-OPERATIVE LTD","address":"451 CLEMENTI AVENUE 3 120451"}},{"type":"Feature","geometry":{"type":"Point","coordinates":[103.77856047379308,1.338656770939947]},"properties":{"category":"Supermarket","name":"NTUC FAIRPRICE CO-OPERATIVE LTD","address":"1 JALAN ANAK BUKIT 588996"}},{"type":"Feature","geometry":{"type":"Point","coordinates":[103.73937138906554,1.333753432895276]},"properties":{"category":"Supermarket","name":"NTUC FAIRPRICE CO-OPERATIVE LTD","address":"135 JURONG EAST STREET 13 600135"}},{"type":"Feature","geometry":{"type":"Point","coordinates":[103.70646088682562,1.339830148058248]},"properties":{"category":"Supermarket","name":"NTUC FAIRPRICE CO-OPERATIVE LTD","address":"1 JURONG WEST CENTRAL 2 648886"}},{"type":"Feature","geometry":{"type":"Point","coordinates":[103.72245288840732,1.332059376382466]},"properties":{"category":"Supermarket","name":"NTUC FAIRPRICE CO-OPERATIVE LTD","address":"63/66 YUNG KUANG ROAD 610063"}},{"type":"Feature","geometry":{"type":"Point","coordinates":[103.72026802063844,1.335042018695322]},"properties":{"category":"Supermarket","name":"NTUC FAIRPRICE CO-OPERATIVE LTD","address":"399 YUNG SHENG ROAD 610399"}},{"type":"Feature","geometry":{"type":"Point","coordinates":[103.7428078829599,1.347162359265539]},"properties":{"category":"Supermarket","name":"NTUC FAIRPRICE CO-OPERATIVE LTD","address":"166 BUKIT BATOK WEST AVENUE 8 650166"}},{"type":"Feature","geometry":{"type":"Point","coordinates":[103.7493345263899,1.348710801433088]},"properties":{"category":"Supermarket","name":"NTUC FAIRPRICE CO-OPERATIVE LTD","address":"10 BUKIT BATOK CENTRAL 659958"}},{"type":"Feature","geometry":{"type":"Point","coordinates":[103.73121914765026,1.34551209957768]},"properties":{"category":"Supermarket","name":"NTUC FAIRPRICE CO-OPERATIVE LTD","address":"BLK 345 JURONG EAST STREET 31 600345"}},{"type":"Feature","geometry":{"type":"Point","coordinates":[103.8109589603951,1.292703398325832]},"properties":{"category":"Supermarket","name":"NTUC FAIRPRICE CO-OPERATIVE LTD","address":"57 DAWSON ROAD 142057"}},{"type":"Feature","geometry":{"type":"Point","coordinates":[103.87199641907839,1.375635001651754]},"properties":{"category":"Supermarket","name":"SHENG SIONG SUPERMARKET PTE LTD","address":"19 SERANGOON NORTH AVENUE 5 554913"}},{"type":"Feature","geometry":{"type":"Point","coordinates":[103.87038999593476,1.320992949951093]},"properties":{"category":"Supermarket","name":"NTUC FAIRPRICE CO-OPERATIVE LTD","address":"71 KALLANG BAHRU 330071"}},{"type":"Feature","geometry":{"type":"Point","coordinates":[103.80824240095933,1.286453543750272]},"properties":{"category":"Supermarket","name":"NTUC FAIRPRICE CO-OPERATIVE LTD","address":"1 JALAN BUKIT MERAH 150001"}},{"type":"Feature","geometry":{"type":"Point","coordinates":[103.8269408123009,1.293017861115596]},"properties":{"category":"Supermarket","name":"NTUC FAIRPRICE CO-OPERATIVE LTD","address":"491 RIVER VALLEY ROAD 248371"}},{"type":"Feature","geometry":{"type":"Point","coordinates":[103.84389212691264,1.320429678636206]},"properties":{"category":"Supermarket","name":"NTUC FAIRPRICE CO-OPERATIVE LTD","address":"10 SINARAN DRIVE 307506"}},{"type":"Feature","geometry":{"type":"Point","coordinates":[103.848399235571,1.369248907394069]},"properties":{"category":"Supermarket","name":"NTUC FAIRPRICE CO-OPERATIVE LTD","address":"53 ANG MO KIO AVENUE 3 569933"}},{"type":"Feature","geometry":{"type":"Point","coordinates":[103.84943450853052,1.315363033573131]},"properties":{"category":"Supermarket","name":"NTUC FAIRPRICE CO-OPERATIVE LTD","address":"43 CAMBRIDGE ROAD 210043"}},{"type":"Feature","geometry":{"type":"Point","coordinates":[103.87254179954986,1.312654500879968]},"properties":{"category":"Supermarket","name":"NTUC FAIRPRICE CO-OPERATIVE LTD","address":"5 UPPER BOON KENG ROAD 380005"}},{"type":"Feature","geometry":{"type":"Point","coordinates":[103.82929801142704,1.2848073461512]},"properties":{"category":"Supermarket","name":"NTUC FAIRPRICE CO-OPERATIVE LTD","address":"18 /20 KIM TIAN ROAD 169252"}},{"type":"Feature","geometry":{"type":"Point","coordinates":[103.85567062883831,1.323796079251409]},"properties":{"category":"Supermarket","name":"NTUC FAIRPRICE CO-OPERATIVE LTD","address":"80 LORONG LIMAU 320080"}},{"type":"Feature","geometry":{"type":"Point","coordinates":[103.8564871214867,1.311393494390041]},"properties":{"category":"Supermarket","name":"NTUC FAIRPRICE CO-OPERATIVE LTD","address":"180 KITCHENER ROAD 208539"}},{"type":"Feature","geometry":{"type":"Point","coordinates":[103.8314258597252,1.277077075901493]},"properties":{"category":"Supermarket","name":"NTUC FAIRPRICE CO-OPERATIVE LTD","address":"150 SILAT AVENUE 160150"}},{"type":"Feature","geometry":{"type":"Point","coordinates":[103.85059950714255,1.29827328917747]},"properties":{"category":"Supermarket","name":"JEWISH WELFARE BOARD, SINGAPORE, THE","address":"24 WATERLOO STREET 187950"}},{"type":"Feature","geometry":{"type":"Point","coordinates":[103.83298436190468,1.305855834971422]},"properties":{"category":"Supermarket","name":"NTUC FAIRPRICE CO-OPERATIVE LTD","address":"6 SCOTTS ROAD 228209"}},{"type":"Feature","geometry":{"type":"Point","coordinates":[103.84708288400137,1.37140920462199]},"properties":{"category":"Supermarket","name":"NTUC FAIRPRICE CO-OPERATIVE LTD","address":"712 ANG MO KIO AVENUE 6 560712"}},{"type":"Feature","geometry":{"type":"Point","coordinates":[103.84347074086504,1.274588224228702]},"properties":{"category":"Supermarket","name":"NTUC FAIRPRICE CO-OPERATIVE LTD","address":"100 TRAS STREET 79027"}},{"type":"Feature","geometry":{"type":"Point","coordinates":[103.84647646568264,1.32708485915109]},"properties":{"category":"Supermarket","name":"NTUC FAIRPRICE CO-OPERATIVE LTD","address":"20 AH HOOD ROAD 329984"}},{"type":"Feature","geometry":{"type":"Point","coordinates":[103.87249055675571,1.392138283931071]},"properties":{"category":"Supermarket","name":"NTUC FAIRPRICE CO-OPERATIVE LTD","address":"447A JALAN KAYU 791447"}},{"type":"Feature","geometry":{"type":"Point","coordinates":[103.85767550154301,1.294879051122393]},"properties":{"category":"Supermarket","name":"COLD STORAGE SINGAPORE (1983) PTE LTD","address":"3 TEMASEK BOULEVARD 38983"}},{"type":"Feature","geometry":{"type":"Point","coordinates":[103.86131196199368,1.308806094696271]},"properties":{"category":"Supermarket","name":"NTUC FAIRPRICE CO-OPERATIVE LTD","address":"808 FRENCH ROAD 200808"}},{"type":"Feature","geometry":{"type":"Point","coordinates":[103.84431955570005,1.274617941775905]},"properties":{"category":"Supermarket","name":"COLD STORAGE SINGAPORE (1983) PTE LTD","address":"16 ENGGOR STREET 79717"}},{"type":"Feature","geometry":{"type":"Point","coordinates":[103.87606766218124,1.391393057251475]},"properties":{"category":"Supermarket","name":"NTUC FAIRPRICE CO-OPERATIVE LTD","address":"33 SENGKANG WEST AVENUE 797653"}},{"type":"Feature","geometry":{"type":"Point","coordinates":[103.8929955009803,1.386218352881005]},"properties":{"category":"Supermarket","name":"NTUC FAIRPRICE CO-OPERATIVE LTD","address":"279 SENGKANG EAST AVENUE 540279"}},{"type":"Feature","geometry":{"type":"Point","coordinates":[103.81376634391908,1.286680272348023]},"properties":{"category":"Supermarket","name":"NTUC FAIRPRICE CO-OPERATIVE LTD","address":"20 LENGKOK BAHRU 159053"}},{"type":"Feature","geometry":{"type":"Point","coordinates":[103.85639651347492,1.370894561076278]},"properties":{"category":"Supermarket","name":"NTUC FAIRPRICE CO-OPERATIVE LTD","address":"574 ANG MO KIO AVENUE 10 560574"}},{"type":"Feature","geometry":{"type":"Point","coordinates":[103.83544536058248,1.363215861078038]},"properties":{"category":"Supermarket","name":"NTUC FAIRPRICE CO-OPERATIVE LTD","address":"410A SIN MING AVENUE 571410"}},{"type":"Feature","geometry":{"type":"Point","coordinates":[103.86390532628941,1.319093441858719]},"properties":{"category":"Supermarket","name":"NTUC FAIRPRICE CO-OPERATIVE LTD","address":"30 BENDEMEER ROAD 330030"}},{"type":"Feature","geometry":{"type":"Point","coordinates":[103.84899331908242,1.33889072011443]},"properties":{"category":"Supermarket","name":"NTUC FAIRPRICE CO-OPERATIVE LTD","address":"95 LORONG 4 TOA PAYOH 310095"}},{"type":"Feature","geometry":{"type":"Point","coordinates":[103.85767550154301,1.294879051122393]},"properties":{"category":"Supermarket","name":"SF (313) PTE. LTD.","address":"3 TEMASEK BOULEVARD 38983"}},{"type":"Feature","geometry":{"type":"Point","coordinates":[103.8270812836381,1.288076883018964]},"properties":{"category":"Supermarket","name":"YOUR GROCER PRIVATE LIMITED","address":"34 JALAN BUKIT HO SWEE 160034"}},{"type":"Feature","geometry":{"type":"Point","coordinates":[103.85334930191046,1.280227686120211]},"properties":{"category":"Supermarket","name":"COLD STORAGE SINGAPORE (1983) PTE LTD","address":"8A MARINA BOULEVARD 18984"}},{"type":"Feature","geometry":{"type":"Point","coordinates":[103.8564871214867,1.311393494390041]},"properties":{"category":"Supermarket","name":"PAN PACIFIC INTERNATIONAL HOLDINGS PTE. LTD.","address":"180 KITCHENER ROAD 208539"}},{"type":"Feature","geometry":{"type":"Point","coordinates":[103.8866727866627,1.321766445868741]},"properties":{"category":"Supermarket","name":"NTUC FAIRPRICE CO-OPERATIVE LTD","address":"114 ALJUNIED AVENUE 2 380114"}},{"type":"Feature","geometry":{"type":"Point","coordinates":[103.93164002865366,1.325940696830029]},"properties":{"category":"Supermarket","name":"NTUC FAIRPRICE CO-OPERATIVE LTD","address":"212 BEDOK NORTH STREET 1 460212"}},{"type":"Feature","geometry":{"type":"Point","coordinates":[103.87303579847327,1.369799401826475]},"properties":{"category":"Supermarket","name":"NTUC FAIRPRICE CO-OPERATIVE LTD","address":"152B SERANGOON NORTH AVENUE 1 552152"}},{"type":"Feature","geometry":{"type":"Point","coordinates":[103.90711266497458,1.301419557057474]},"properties":{"category":"Supermarket","name":"NTUC FAIRPRICE CO-OPERATIVE LTD","address":"6 MARINE PARADE CENTRAL 449411"}},{"type":"Feature","geometry":{"type":"Point","coordinates":[103.9252345382496,1.312307528217832]},"properties":{"category":"Supermarket","name":"NTUC FAIRPRICE CO-OPERATIVE LTD","address":"934 EAST COAST ROAD 459125"}},{"type":"Feature","geometry":{"type":"Point","coordinates":[103.8853499096528,1.328556569279292]},"properties":{"category":"Supermarket","name":"NTUC FAIRPRICE CO-OPERATIVE LTD","address":"77 CIRCUIT ROAD 370077"}},{"type":"Feature","geometry":{"type":"Point","coordinates":[103.90798881599486,1.30836165161702]},"properties":{"category":"Supermarket","name":"NTUC FAIRPRICE CO-OPERATIVE LTD","address":"239/255 EAST COAST ROAD 428932"}},{"type":"Feature","geometry":{"type":"Point","coordinates":[103.71242931715186,1.346348192938859]},"properties":{"category":"Supermarket","name":"NTUC FAIRPRICE CO-OPERATIVE LTD","address":"221 BOON LAY PLACE 640221"}},{"type":"Feature","geometry":{"type":"Point","coordinates":[103.74495038865332,1.385068363006218]},"properties":{"category":"Supermarket","name":"NTUC FAIRPRICE CO-OPERATIVE LTD","address":"21 CHOA CHU KANG AVENUE 4 689812"}},{"type":"Feature","geometry":{"type":"Point","coordinates":[103.94534429471689,1.345281441621]},"properties":{"category":"Supermarket","name":"NTUC FAIRPRICE CO-OPERATIVE LTD","address":"138 TAMPINES STREET 11 521138"}},{"type":"Feature","geometry":{"type":"Point","coordinates":[103.9129764389869,1.394184094794745]},"properties":{"category":"Supermarket","name":"NTUC FAIRPRICE CO-OPERATIVE LTD","address":"168 PUNGGOL FIELD 820168"}},{"type":"Feature","geometry":{"type":"Point","coordinates":[103.93431523475682,1.355421762679493]},"properties":{"category":"Supermarket","name":"NTUC FAIRPRICE CO-OPERATIVE LTD","address":"866A TAMPINES STREET 83 521866"}},{"type":"Feature","geometry":{"type":"Point","coordinates":[103.95359908770425,1.377140734279549]},"properties":{"category":"Supermarket","name":"NTUC FAIRPRICE CO-OPERATIVE LTD","address":"1 PASIR RIS CLOSE 519599"}},{"type":"Feature","geometry":{"type":"Point","coordinates":[103.89360784092874,1.38233698021694]},"properties":{"category":"Supermarket","name":"NTUC FAIRPRICE CO-OPERATIVE LTD","address":"BLK 277C COMPASSVALE LINK 543277"}},{"type":"Feature","geometry":{"type":"Point","coordinates":[103.94501945796935,1.354315564383097]},"properties":{"category":"Supermarket","name":"COLD STORAGE SINGAPORE (1983) PTE LTD","address":"10 TAMPINES CENTRAL 1 529536"}},{"type":"Feature","geometry":{"type":"Point","coordinates":[103.89416538410092,1.371779957420926]},"properties":{"category":"Supermarket","name":"NTUC FAIRPRICE CO-OPERATIVE LTD","address":"100 HOUGANG AVENUE 10 538767"}},{"type":"Feature","geometry":{"type":"Point","coordinates":[103.86504185514747,1.365160709591636]},"properties":{"category":"Supermarket","name":"NTUC FAIRPRICE CO-OPERATIVE LTD","address":"1 MAJU AVENUE 556679"}},{"type":"Feature","geometry":{"type":"Point","coordinates":[103.90866560762554,1.40461002768909]},"properties":{"category":"Supermarket","name":"NTUC FAIRPRICE CO-OPERATIVE LTD","address":"612 PUNGGOL DRIVE 820612"}},{"type":"Feature","geometry":{"type":"Point","coordinates":[103.90371286823519,1.377430063518081]},"properties":{"category":"Supermarket","name":"NTUC FAIRPRICE CO-OPERATIVE LTD","address":"476 UPPER SERANGOON VIEW 530476"}},{"type":"Feature","geometry":{"type":"Point","coordinates":[103.93968359444554,1.353496160144632]},"properties":{"category":"Supermarket","name":"NTUC FAIRPRICE CO-OPERATIVE LTD","address":"51 TAMPINES AVENUE 4 528523"}},{"type":"Feature","geometry":{"type":"Point","coordinates":[103.9293638388456,1.351264106998253]},"properties":{"category":"Supermarket","name":"U STARS SUPERMARKET PTE. LTD.","address":"878C TAMPINES AVENUE 8 523878"}},{"type":"Feature","geometry":{"type":"Point","coordinates":[103.93162363851744,1.355242898853485]},"properties":{"category":"Supermarket","name":"NTUC FAIRPRICE CO-OPERATIVE LTD","address":"872C TAMPINES STREET 86 523872"}},{"type":"Feature","geometry":{"type":"Point","coordinates":[103.913195747038,1.402878451385898]},"properties":{"category":"Supermarket","name":"NTUC FAIRPRICE CO-OPERATIVE LTD","address":"681 PUNGGOL DRIVE 820681"}},{"type":"Feature","geometry":{"type":"Point","coordinates":[103.78661961568002,1.435077893976064]},"properties":{"category":"Supermarket","name":"NTUC FAIRPRICE CO-OPERATIVE LTD","address":"900 SOUTH WOODLANDS DRIVE 730900"}},{"type":"Feature","geometry":{"type":"Point","coordinates":[103.81954334800767,1.453845188007289]},"properties":{"category":"Supermarket","name":"NTUC FAIRPRICE CO-OPERATIVE LTD","address":"511 CANBERRA ROAD 750511"}},{"type":"Feature","geometry":{"type":"Point","coordinates":[103.8186411417818,1.449566476120961]},"properties":{"category":"Supermarket","name":"NTUC FAIRPRICE CO-OPERATIVE LTD","address":"355 SEMBAWANG WAY 750355"}},{"type":"Feature","geometry":{"type":"Point","coordinates":[103.79254748677978,1.309182111948202]},"properties":{"category":"Supermarket","name":"NTUC FAIRPRICE CO-OPERATIVE LTD","address":"36 HOLLAND DRIVE 270036"}},{"type":"Feature","geometry":{"type":"Point","coordinates":[103.76004159230783,1.380605115753677]},"properties":{"category":"Supermarket","name":"SHENG SIONG SUPERMARKET PTE LTD","address":"1 WOODLANDS ROAD 677899"}},{"type":"Feature","geometry":{"type":"Point","coordinates":[103.79045408582823,1.43106395014799]},"properties":{"category":"Supermarket","name":"NTUC FAIRPRICE CO-OPERATIVE LTD","address":"570B WOODLANDS AVENUE 1 732570"}},{"type":"Feature","geometry":{"type":"Point","coordinates":[103.7627411834785,1.378349713513199]},"properties":{"category":"Supermarket","name":"NTUC FAIRPRICE CO-OPERATIVE LTD","address":"17 PETIR ROAD 678278"}},{"type":"Feature","geometry":{"type":"Point","coordinates":[103.795682402301,1.453343622229994]},"properties":{"category":"Supermarket","name":"CUTECH GREEN VENTURES PTE. LTD.","address":"10 WOODLANDS INDUSTRIAL PARK E1 757733"}},{"type":"Feature","geometry":{"type":"Point","coordinates":[103.83614203692655,1.427999957390893]},"properties":{"category":"Supermarket","name":"NTUC FAIRPRICE CO-OPERATIVE LTD","address":"1 NORTHPOINT DRIVE 768019"}},{"type":"Feature","geometry":{"type":"Point","coordinates":[103.8007012050408,1.439916079013365]},"properties":{"category":"Supermarket","name":"NTUC FAIRPRICE CO-OPERATIVE LTD","address":"676 WOODLANDS DRIVE 71 730676"}},{"type":"Feature","geometry":{"type":"Point","coordinates":[103.78459810977414,1.30849288506215]},"properties":{"category":"Supermarket","name":"NTUC FAIRPRICE CO-OPERATIVE LTD","address":"29A GHIM MOH LINK 271029"}},{"type":"Feature","geometry":{"type":"Point","coordinates":[103.84123646606575,1.417999257373776]},"properties":{"category":"Supermarket","name":"NTUC FAIRPRICE CO-OPERATIVE LTD","address":"598 YISHUN RING ROAD 768698"}},{"type":"Feature","geometry":{"type":"Point","coordinates":[103.79850762599293,1.431098070683857]},"properties":{"category":"Supermarket","name":"SHENG SIONG SUPERMARKET PTE LTD","address":"573 WOODLANDS DRIVE 16 730573"}},{"type":"Feature","geometry":{"type":"Point","coordinates":[103.84969198641492,1.348888439138553]},"properties":{"category":"Supermarket","name":"NTUC FAIRPRICE CO-OPERATIVE LTD","address":"510 BISHAN STREET 13 570510"}},{"type":"Feature","geometry":{"type":"Point","coordinates":[103.84847762607306,1.35023942729701]},"properties":{"category":"Supermarket","name":"NTUC FAIRPRICE CO-OPERATIVE LTD","address":"9 BISHAN PLACE 579837"}},{"type":"Feature","geometry":{"type":"Point","coordinates":[103.89366161921865,1.372311864568734]},"properties":{"category":"Supermarket","name":"NTUC FAIRPRICE CO-OPERATIVE LTD","address":"90 HOUGANG AVENUE 10 538766"}},{"type":"Feature","geometry":{"type":"Point","coordinates":[103.88574886331993,1.37361830003658]},"properties":{"category":"Supermarket","name":"NTUC FAIRPRICE CO-OPERATIVE LTD","address":"682 HOUGANG AVENUE 4 530682"}},{"type":"Feature","geometry":{"type":"Point","coordinates":[103.8840384612787,1.357575580652451]},"properties":{"category":"Supermarket","name":"NTUC FAIRPRICE CO-OPERATIVE LTD","address":"202 HOUGANG STREET 21 530202"}},{"type":"Feature","geometry":{"type":"Point","coordinates":[103.87945026008254,1.375667280810907]},"properties":{"category":"Supermarket","name":"NTUC FAIRPRICE CO-OPERATIVE LTD","address":"1 HOUGANG STREET 91 538692"}},{"type":"Feature","geometry":{"type":"Point","coordinates":[103.9497156969441,1.372449808907822]},"properties":{"category":"Supermarket","name":"NTUC FAIRPRICE CO-OPERATIVE LTD","address":"1 PASIR RIS CENTRAL STREET 3 518457"}},{"type":"Feature","geometry":{"type":"Point","coordinates":[103.94438798283086,1.352672320429342]},"properties":{"category":"Supermarket","name":"NTUC FAIRPRICE CO-OPERATIVE LTD","address":"4 TAMPINES CENTRAL 5 529510"}},{"type":"Feature","geometry":{"type":"Point","coordinates":[103.9217747378407,1.337404713211975]},"properties":{"category":"Supermarket","name":"NTUC FAIRPRICE CO-OPERATIVE LTD","address":"745 BEDOK RESERVOIR ROAD 470745"}},{"type":"Feature","geometry":{"type":"Point","coordinates":[103.92210296458478,1.323651730990941]},"properties":{"category":"Supermarket","name":"SONG FISH DEALER PTE LTD","address":"750 CHAI CHEE ROAD 469000"}},{"type":"Feature","geometry":{"type":"Point","coordinates":[103.83983039076921,1.415176337725961]},"properties":{"category":"Supermarket","name":"U STARS PTE. LTD.","address":"507 YISHUN AVENUE 4 760507"}},{"type":"Feature","geometry":{"type":"Point","coordinates":[103.798021747973,1.302038029100647]},"properties":{"category":"Supermarket","name":"SHENG SIONG SUPERMARKET PTE LTD","address":"88 TANGLIN HALT ROAD 141088"}},{"type":"Feature","geometry":{"type":"Point","coordinates":[103.92210296458478,1.323651730990941]},"properties":{"category":"Supermarket","name":"L M MEAT PTE. LTD.","address":"750 CHAI CHEE ROAD 469000"}},{"type":"Feature","geometry":{"type":"Point","coordinates":[103.96461778012817,1.367000535120909]},"properties":{"category":"Supermarket","name":"SHENG SIONG SUPERMARKET PTE LTD","address":"258 PASIR RIS STREET 21 510258"}},{"type":"Feature","geometry":{"type":"Point","coordinates":[103.7518960061313,1.363938214778837]},"properties":{"category":"Supermarket","name":"OH BENG GUAN","address":"395A BUKIT BATOK WEST AVENUE 5 651395"}},{"type":"Feature","geometry":{"type":"Point","coordinates":[103.84469709078607,1.284998838566604]},"properties":{"category":"Supermarket","name":"IROHA INTERNATIONAL PTE. LTD.","address":"133 NEW BRIDGE ROAD 59413"}},{"type":"Feature","geometry":{"type":"Point","coordinates":[103.84767704350787,1.364625400111387]},"properties":{"category":"Supermarket","name":"COLD STORAGE SINGAPORE (1983) PTE LTD","address":"316B ANG MO KIO STREET 31 563316"}},{"type":"Feature","geometry":{"type":"Point","coordinates":[103.86913597929671,1.387395373680817]},"properties":{"category":"Supermarket","name":"COLD STORAGE SINGAPORE (1983) PTE LTD","address":"1 SELETAR ROAD 807011"}},{"type":"Feature","geometry":{"type":"Point","coordinates":[103.90501493493471,1.305234720249531]},"properties":{"category":"Supermarket","name":"COLD STORAGE SINGAPORE (1983) PTE LTD","address":"112 EAST COAST ROAD 428802"}},{"type":"Feature","geometry":{"type":"Point","coordinates":[103.80952614254696,1.304175118941884]},"properties":{"category":"Supermarket","name":"CULINA PTE LTD","address":"8 DEMPSEY ROAD 247696"}},{"type":"Feature","geometry":{"type":"Point","coordinates":[103.8509778647997,1.333622320330389]},"properties":{"category":"Supermarket","name":"COLD STORAGE SINGAPORE (1983) PTE LTD","address":"181 LORONG 4 TOA PAYOH 310181"}},{"type":"Feature","geometry":{"type":"Point","coordinates":[103.81867359993149,1.286920064357126]},"properties":{"category":"Supermarket","name":"COLD STORAGE SINGAPORE (1983) PTE LTD","address":"86 REDHILL CLOSE 150086"}},{"type":"Feature","geometry":{"type":"Point","coordinates":[103.93106883657619,1.324635732395937]},"properties":{"category":"Supermarket","name":"SHENG SIONG SUPERMARKET PTE LTD","address":"209 NEW UPPER CHANGI ROAD 460209"}},{"type":"Feature","geometry":{"type":"Point","coordinates":[103.8012931144309,1.439983654274945]},"properties":{"category":"Supermarket","name":"PRIME SUPERMARKET LIMITED","address":"678 WOODLANDS AVENUE 6 730678"}},{"type":"Feature","geometry":{"type":"Point","coordinates":[103.71949648507822,1.351518471786464]},"properties":{"category":"Supermarket","name":"NG TOH TET","address":"442 JURONG WEST AVENUE 1 640442"}},{"type":"Feature","geometry":{"type":"Point","coordinates":[103.8633879849774,1.33545352734013]},"properties":{"category":"Supermarket","name":"HAO MART PTE. LTD.","address":"120 POTONG PASIR AVENUE 1 350120"}},{"type":"Feature","geometry":{"type":"Point","coordinates":[103.91414507808591,1.332050946193328]},"properties":{"category":"Supermarket","name":"CHUA & NG PTE. LTD.","address":"632 BEDOK RESERVOIR ROAD 470632"}},{"type":"Feature","geometry":{"type":"Point","coordinates":[103.71770481150399,1.349955410234507]},"properties":{"category":"Supermarket","name":"LOCH GROCER PTE. LTD.","address":"503 JURONG WEST AVENUE 1 640503"}},{"type":"Feature","geometry":{"type":"Point","coordinates":[103.78821453852473,1.30684882667915]},"properties":{"category":"Supermarket","name":"TANESEI TRADING PTE. LTD.","address":"1 VISTA EXCHANGE GREEN 138617"}},{"type":"Feature","geometry":{"type":"Point","coordinates":[103.72672284196838,1.32048426083035]},"properties":{"category":"Supermarket","name":"ARCHANA SUPERMARKET PTE. LTD.","address":"1 JALAN PAPAN 619392"}},{"type":"Feature","geometry":{"type":"Point","coordinates":[103.81411090725923,1.450008612487052]},"properties":{"category":"Supermarket","name":"COLD STORAGE SINGAPORE (1983) PTE LTD","address":"468B ADMIRALTY DRIVE 752468"}},{"type":"Feature","geometry":{"type":"Point","coordinates":[103.77625053764201,1.342392844797033]},"properties":{"category":"Supermarket","name":"COLD STORAGE SINGAPORE (1983) PTE LTD","address":"144 UPPER BUKIT TIMAH ROAD 588177"}},{"type":"Feature","geometry":{"type":"Point","coordinates":[103.78370915229848,1.336675728588797]},"properties":{"category":"Supermarket","name":"COLD STORAGE SINGAPORE (1983) PTE LTD","address":"896 DUNEARN ROAD 589472"}},{"type":"Feature","geometry":{"type":"Point","coordinates":[103.74258601505018,1.334025294689942]},"properties":{"category":"Supermarket","name":"ISETAN (SINGAPORE) LIMITED?","address":"3 GATEWAY DRIVE 608532"}},{"type":"Feature","geometry":{"type":"Point","coordinates":[103.69702008222512,1.341591082509825]},"properties":{"category":"Supermarket","name":"COLD STORAGE SINGAPORE (1983) PTE LTD","address":"638 JURONG WEST STREET 61 640638"}},{"type":"Feature","geometry":{"type":"Point","coordinates":[103.69829200773201,1.348726432682638]},"properties":{"category":"Supermarket","name":"PRIME SUPERMARKET LIMITED","address":"763 JURONG WEST STREET 75 640763"}},{"type":"Feature","geometry":{"type":"Point","coordinates":[103.74369811550345,1.347371799524519]},"properties":{"category":"Supermarket","name":"SHENG SIONG SUPERMARKET PTE LTD","address":"154A BUKIT BATOK WEST AVENUE 8 651154"}},{"type":"Feature","geometry":{"type":"Point","coordinates":[103.74902198272592,1.350189158925766]},"properties":{"category":"Supermarket","name":"COLD STORAGE SINGAPORE (1983) PTE LTD","address":"1 BUKIT BATOK CENTRAL LINK 658713"}},{"type":"Feature","geometry":{"type":"Point","coordinates":[103.94378481599117,1.352361129784833]},"properties":{"category":"Supermarket","name":"TANESEI RETAILING PTE. LTD.","address":"2 TAMPINES CENTRAL 5 529509"}},{"type":"Feature","geometry":{"type":"Point","coordinates":[103.8451553961859,1.276724932049135]},"properties":{"category":"Supermarket","name":"LITTLE FARMS PTE. LTD.","address":"7 WALLICH STREET 78884"}},{"type":"Feature","geometry":{"type":"Point","coordinates":[103.94378481599117,1.352361129784833]},"properties":{"category":"Supermarket","name":"MAHOTA FOOD PTE. LTD.","address":"2 TAMPINES CENTRAL 5 529509"}},{"type":"Feature","geometry":{"type":"Point","coordinates":[103.94378481599117,1.352361129784833]},"properties":{"category":"Supermarket","name":"SONG FISH DEALER PTE LTD","address":"2 TAMPINES CENTRAL 5 529509"}},{"type":"Feature","geometry":{"type":"Point","coordinates":[103.78604938903504,1.308118869690548]},"properties":{"category":"Supermarket","name":"SHENG SIONG SUPERMARKET PTE LTD","address":"25 GHIM MOH LINK 270025"}},{"type":"Feature","geometry":{"type":"Point","coordinates":[103.85641198214789,1.377892030828576]},"properties":{"category":"Supermarket","name":"SHENG SIONG SUPERMARKET PTE LTD","address":"2 ANG MO KIO DRIVE 567720"}},{"type":"Feature","geometry":{"type":"Point","coordinates":[103.88785718965227,1.355309033395086]},"properties":{"category":"Supermarket","name":"ISYMI PTE LTD","address":"183 JALAN PELIKAT 537643"}},{"type":"Feature","geometry":{"type":"Point","coordinates":[103.89448052787547,1.314692141160646]},"properties":{"category":"Supermarket","name":"THE SEAFOOD MARKET PLACE (BY SONG FISH) PTE. LTD.","address":"11 TANJONG KATONG ROAD 437157"}},{"type":"Feature","geometry":{"type":"Point","coordinates":[103.75353611697658,1.338326578689209]},"properties":{"category":"Supermarket","name":"TOH GUAN MINI MART PTE LTD","address":"19 TOH GUAN ROAD EAST 608568"}},{"type":"Feature","geometry":{"type":"Point","coordinates":[103.69524811387905,1.333145775373785]},"properties":{"category":"Supermarket","name":"KADER HASNA MARICAN","address":"17 KIAN TECK LANE 627851"}},{"type":"Feature","geometry":{"type":"Point","coordinates":[103.93473422951503,1.320625058909282]},"properties":{"category":"Supermarket","name":"TANG KER AN, TIMOTHY","address":"18 BEDOK SOUTH ROAD 460018"}},{"type":"Feature","geometry":{"type":"Point","coordinates":[103.77293748706342,1.379047755695646]},"properties":{"category":"Supermarket","name":"COLD STORAGE SINGAPORE (1983) PTE LTD","address":"256 BANGKIT ROAD 670256"}},{"type":"Feature","geometry":{"type":"Point","coordinates":[103.80447673837543,1.45464654784637]},"properties":{"category":"Supermarket","name":"MM SUNDRY SHOP PTE.LTD.","address":"27 WOODLANDS SECTOR 1 738252"}},{"type":"Feature","geometry":{"type":"Point","coordinates":[103.8526585656442,1.280769443101052]},"properties":{"category":"Supermarket","name":"AL MARCHE PTE LTD","address":"2 MARINA BOULEVARD 18987"}},{"type":"Feature","geometry":{"type":"Point","coordinates":[103.79569235911485,1.330817401779298]},"properties":{"category":"Supermarket","name":"COLD STORAGE SINGAPORE (1983) PTE LTD","address":"1 FIFTH AVENUE 268802"}},{"type":"Feature","geometry":{"type":"Point","coordinates":[103.79535044096744,1.310255421715519]},"properties":{"category":"Supermarket","name":"COLD STORAGE SINGAPORE (1983) PTE LTD","address":"211 HOLLAND AVENUE 278967"}},{"type":"Feature","geometry":{"type":"Point","coordinates":[103.91118598811299,1.312122476771038]},"properties":{"category":"Supermarket","name":"THE ALASKA GUYS PTE. LTD.","address":"201 TELOK KURAU ROAD 423910"}},{"type":"Feature","geometry":{"type":"Point","coordinates":[103.80097758852821,1.440538149476388]},"properties":{"category":"Supermarket","name":"COLD STORAGE SINGAPORE (1983) PTE LTD","address":"70 WOODLANDS AVENUE 7 738344"}},{"type":"Feature","geometry":{"type":"Point","coordinates":[103.8357764975858,1.429698481502829]},"properties":{"category":"Supermarket","name":"SONG FISH DEALER PTE LTD","address":"930 YISHUN AVENUE 2 769098"}},{"type":"Feature","geometry":{"type":"Point","coordinates":[103.76957538787323,1.388240215263333]},"properties":{"category":"Supermarket","name":"SHENG SIONG SUPERMARKET PTE LTD","address":"547 SEGAR ROAD 670547"}},{"type":"Feature","geometry":{"type":"Point","coordinates":[103.8816988094373,1.397798740043783]},"properties":{"category":"Supermarket","name":"SHENG SIONG SUPERMARKET PTE LTD","address":"473 FERNVALE STREET 790473"}},{"type":"Feature","geometry":{"type":"Point","coordinates":[103.91053692694929,1.400531142553593]},"properties":{"category":"Supermarket","name":"COLD STORAGE SINGAPORE (1983) PTE LTD","address":"622D PUNGGOL CENTRAL 824622"}},{"type":"Feature","geometry":{"type":"Point","coordinates":[103.82559575597392,1.282634377491018]},"properties":{"category":"Supermarket","name":"COLD STORAGE SINGAPORE (1983) PTE LTD","address":"26 JALAN MEMBINA 161026"}},{"type":"Feature","geometry":{"type":"Point","coordinates":[103.76417292133978,1.3626745025618]},"properties":{"category":"Supermarket","name":"COLD STORAGE SINGAPORE (1983) PTE LTD","address":"4 HILLVIEW RISE 667979"}},{"type":"Feature","geometry":{"type":"Point","coordinates":[103.8942893947009,1.316544677997034]},"properties":{"category":"Supermarket","name":"COLD STORAGE SINGAPORE (1983) PTE LTD","address":"845 GEYLANG ROAD 400845"}},{"type":"Feature","geometry":{"type":"Point","coordinates":[103.90501493493471,1.305234720249531]},"properties":{"category":"Supermarket","name":"TANESEI RETAILING PTE. LTD.","address":"112 EAST COAST ROAD 428802"}},{"type":"Feature","geometry":{"type":"Point","coordinates":[103.77102961223346,1.384005819390643]},"properties":{"category":"Supermarket","name":"SHENG SIONG SUPERMARKET PTE LTD","address":"446 FAJAR ROAD 670446"}},{"type":"Feature","geometry":{"type":"Point","coordinates":[103.73893180393948,1.378056137654438]},"properties":{"category":"Supermarket","name":"COLD STORAGE SINGAPORE (1983) PTE LTD","address":"475 CHOA CHU KANG AVENUE 3 680475"}},{"type":"Feature","geometry":{"type":"Point","coordinates":[103.74616008444386,1.374057967483352]},"properties":{"category":"Supermarket","name":"U STARS PTE. LTD.","address":"810 CHOA CHU KANG AVENUE 7 680810"}},{"type":"Feature","geometry":{"type":"Point","coordinates":[103.80105715344884,1.448341542045648]},"properties":{"category":"Supermarket","name":"FORTUNE SUPERMARKET PTE. LTD.","address":"780 WOODLANDS CRESCENT 730780"}},{"type":"Feature","geometry":{"type":"Point","coordinates":[103.82253472230494,1.450262017121547]},"properties":{"category":"Supermarket","name":"HAO MART PTE. LTD.","address":"505 CANBERRA LINK 750505"}},{"type":"Feature","geometry":{"type":"Point","coordinates":[103.89538702665364,1.403227119606492]},"properties":{"category":"Supermarket","name":"U STARS SUPERMARKET PTE. LTD.","address":"218 SUMANG WALK 820218"}},{"type":"Feature","geometry":{"type":"Point","coordinates":[103.90613801332533,1.403719393660884]},"properties":{"category":"Supermarket","name":"SHENG SIONG SUPERMARKET PTE LTD","address":"301 PUNGGOL CENTRAL 820301"}},{"type":"Feature","geometry":{"type":"Point","coordinates":[103.91605450416078,1.399461172969697]},"properties":{"category":"Supermarket","name":"ANG MO SUPERMARKET PTE LTD","address":"639 PUNGGOL DRIVE 820639"}},{"type":"Feature","geometry":{"type":"Point","coordinates":[103.91199127924179,1.40566047542094]},"properties":{"category":"Supermarket","name":"COLD STORAGE SINGAPORE (1983) PTE LTD","address":"671 EDGEFIELD PLAINS 820671"}},{"type":"Feature","geometry":{"type":"Point","coordinates":[103.8570109875088,1.307785100708023]},"properties":{"category":"Supermarket","name":"SHENG SIONG SUPERMARKET PTE LTD","address":"1 JALAN BERSEH 209037"}},{"type":"Feature","geometry":{"type":"Point","coordinates":[103.82296294815555,1.305611671162241]},"properties":{"category":"Supermarket","name":"SWISS BUTCHERY PTE LTD","address":"56 TANGLIN ROAD 247964"}},{"type":"Feature","geometry":{"type":"Point","coordinates":[103.81424554529725,1.322573175939222]},"properties":{"category":"Supermarket","name":"COLD STORAGE SINGAPORE (1983) PTE LTD","address":"501 BUKIT TIMAH ROAD 259760"}},{"type":"Feature","geometry":{"type":"Point","coordinates":[104.00357845888398,1.326743944782751]},"properties":{"category":"Supermarket","name":"CP MANAGEMENT SERVICES PRIVATE LIMITED","address":"80 TANAH MERAH COAST ROAD 498820"}},{"type":"Feature","geometry":{"type":"Point","coordinates":[103.73288248041476,1.319238113778556]},"properties":{"category":"Supermarket","name":"VINAYAK TRADERS PTE. LTD.","address":"27 PENJURU WALK 608538"}},{"type":"Feature","geometry":{"type":"Point","coordinates":[103.79610520594095,1.310529786568151]},"properties":{"category":"Supermarket","name":"TASTE (SINGAPORE) PRIVATE LIMITED","address":"118 HOLLAND AVENUE 278997"}},{"type":"Feature","geometry":{"type":"Point","coordinates":[103.84160082547928,1.43303198083909]},"properties":{"category":"Supermarket","name":"SHENG SIONG SUPERMARKET PTE LTD","address":"18 YISHUN AVENUE 9 768897"}},{"type":"Feature","geometry":{"type":"Point","coordinates":[103.74438322670028,1.377439626478971]},"properties":{"category":"Supermarket","name":"PRIME SUPERMARKET (1996) PTE LTD","address":"253 CHOA CHU KANG AVENUE 1 680253"}},{"type":"Feature","geometry":{"type":"Point","coordinates":[103.84367423978429,1.326965408687898]},"properties":{"category":"Supermarket","name":"CAVEMEN PTE. LTD.","address":"1 JALAN DUSUN 329363"}},{"type":"Feature","geometry":{"type":"Point","coordinates":[103.82816440066856,1.307668615224418]},"properties":{"category":"Supermarket","name":"COLD STORAGE SINGAPORE (1983) PTE LTD","address":"442 ORCHARD ROAD 238879"}},{"type":"Feature","geometry":{"type":"Point","coordinates":[103.8397588984109,1.301978047161718]},"properties":{"category":"Supermarket","name":"COLD STORAGE SINGAPORE (1983) PTE LTD","address":"176 ORCHARD ROAD 238843"}},{"type":"Feature","geometry":{"type":"Point","coordinates":[103.67881813729983,1.346764655418509]},"properties":{"category":"Supermarket","name":"PRIME SUPERMARKET (1996) PTE LTD","address":"50 NANYANG AVENUE 639798"}},{"type":"Feature","geometry":{"type":"Point","coordinates":[103.92365787343928,1.312753298888947]},"properties":{"category":"Supermarket","name":"COLD STORAGE SINGAPORE (1983) PTE LTD","address":"2 FIRST STREET 458278"}},{"type":"Feature","geometry":{"type":"Point","coordinates":[103.90396519457886,1.317149736296552]},"properties":{"category":"Supermarket","name":"MOHAMAD DAMAR HULAN BIN OSMAN","address":"212 CHANGI ROAD 419735"}},{"type":"Feature","geometry":{"type":"Point","coordinates":[103.89971125465367,1.312904459664822]},"properties":{"category":"Supermarket","name":"THE FOODSPREE PTE LTD","address":"162 JOO CHIAT ROAD 427437"}},{"type":"Feature","geometry":{"type":"Point","coordinates":[103.92376973361718,1.307060675053333]},"properties":{"category":"Supermarket","name":"HAO MART PTE. LTD.","address":"15 SIGLAP ROAD 448912"}},{"type":"Feature","geometry":{"type":"Point","coordinates":[103.94825706105225,1.331426855923584]},"properties":{"category":"Supermarket","name":"COLD STORAGE SINGAPORE (1983) PTE LTD","address":"348 BEDOK ROAD 469560"}},{"type":"Feature","geometry":{"type":"Point","coordinates":[103.92330393859919,1.338242025447844]},"properties":{"category":"Supermarket","name":"SHENG SIONG SUPERMARKET PTE LTD","address":"739A BEDOK RESERVOIR ROAD 471739"}},{"type":"Feature","geometry":{"type":"Point","coordinates":[103.95864764617265,1.368998006014491]},"properties":{"category":"Supermarket","name":"COLD STORAGE SINGAPORE (1983) PTE LTD","address":"440 PASIR RIS DRIVE 4 510440"}},{"type":"Feature","geometry":{"type":"Point","coordinates":[103.94792243056253,1.369686248469867]},"properties":{"category":"Supermarket","name":"SHENG SIONG SUPERMARKET PTE LTD","address":"527D PASIR RIS STREET 51 514527"}},{"type":"Feature","geometry":{"type":"Point","coordinates":[103.87930910032665,1.380850346978935]},"properties":{"category":"Supermarket","name":"COLD STORAGE SINGAPORE (1983) PTE LTD","address":"982 BUANGKOK CRESCENT 530982"}},{"type":"Feature","geometry":{"type":"Point","coordinates":[103.84389212691264,1.320429678636206]},"properties":{"category":"Supermarket","name":"L M MEAT PTE. LTD.","address":"10 SINARAN DRIVE 307506"}},{"type":"Feature","geometry":{"type":"Point","coordinates":[103.80500997056481,1.288614691020731]},"properties":{"category":"Supermarket","name":"FISHOP PTE. LTD.","address":"370 ALEXANDRA ROAD 159953"}},{"type":"Feature","geometry":{"type":"Point","coordinates":[103.84343732946623,1.281197377649731]},"properties":{"category":"Supermarket","name":"HONG HENG SENG","address":"5 BANDA STREET 50005"}},{"type":"Feature","geometry":{"type":"Point","coordinates":[103.74663824531105,1.335024303979709]},"properties":{"category":"Supermarket","name":"COLD STORAGE SINGAPORE (1983) PTE LTD","address":"2 JURONG EAST STREET 21 609601"}},{"type":"Feature","geometry":{"type":"Point","coordinates":[103.76907673294583,1.317702819136787]},"properties":{"category":"Supermarket","name":"U STARS SUPERMARKET PTE. LTD.","address":"345 CLEMENTI AVENUE 5 120345"}},{"type":"Feature","geometry":{"type":"Point","coordinates":[103.73194891012082,1.318009812927326]},"properties":{"category":"Supermarket","name":"KEK HONG HENG","address":"23 PENJURU WALK 608537"}},{"type":"Feature","geometry":{"type":"Point","coordinates":[103.89398050664138,1.362714462079729]},"properties":{"category":"Supermarket","name":"LIM KING CHEW","address":"6 HOUGANG AVENUE 3 530006"}},{"type":"Feature","geometry":{"type":"Point","coordinates":[103.90511359045813,1.301191314722927]},"properties":{"category":"Supermarket","name":"COLD STORAGE SINGAPORE (1983) PTE LTD","address":"80 MARINE PARADE ROAD 449269"}},{"type":"Feature","geometry":{"type":"Point","coordinates":[103.93473422951503,1.320625058909282]},"properties":{"category":"Supermarket","name":"PRIME SUPERMARKET (1996) PTE LTD","address":"18 BEDOK SOUTH ROAD 460018"}},{"type":"Feature","geometry":{"type":"Point","coordinates":[103.75407140734131,1.378297682319824]},"properties":{"category":"Supermarket","name":"SHENG SIONG SUPERMARKET PTE LTD","address":"18 TECK WHYE LANE 680018"}},{"type":"Feature","geometry":{"type":"Point","coordinates":[103.88736307216527,1.320000409151662]},"properties":{"category":"Supermarket","name":"COLD STORAGE SINGAPORE (1983) PTE LTD","address":"118 ALJUNIED AVENUE 2 380118"}},{"type":"Feature","geometry":{"type":"Point","coordinates":[103.85554107167837,1.33904479825405]},"properties":{"category":"Supermarket","name":"SHENG SIONG SUPERMARKET PTE LTD","address":"4 LORONG 7 TOA PAYOH 310004"}},{"type":"Feature","geometry":{"type":"Point","coordinates":[103.93805129200321,1.33233467983475]},"properties":{"category":"Supermarket","name":"MCP FAIRMART PTE LTD","address":"89 BEDOK NORTH STREET 4 460089"}},{"type":"Feature","geometry":{"type":"Point","coordinates":[103.7376233116645,1.33658465251198]},"properties":{"category":"Supermarket","name":"ONE EIGHT SHOP PTE. LTD.","address":"104 JURONG EAST STREET 13 600104"}},{"type":"Feature","geometry":{"type":"Point","coordinates":[103.74957987434757,1.358317047012244]},"properties":{"category":"Supermarket","name":"COLD STORAGE SINGAPORE (1983) PTE LTD","address":"376 BUKIT BATOK STREET 31 650376"}},{"type":"Feature","geometry":{"type":"Point","coordinates":[103.93109139012309,1.333066481727192]},"properties":{"category":"Supermarket","name":"COLD STORAGE SINGAPORE (1983) PTE LTD","address":"509 BEDOK NORTH STREET 3 460509"}},{"type":"Feature","geometry":{"type":"Point","coordinates":[103.95824765553809,1.359985670058524]},"properties":{"category":"Supermarket","name":"HAO MART PTE. LTD.","address":"487B TAMPINES STREET 45 521487"}},{"type":"Feature","geometry":{"type":"Point","coordinates":[103.82876298520586,1.430618284967387]},"properties":{"category":"Supermarket","name":"COLD STORAGE SINGAPORE (1983) PTE LTD","address":"102 YISHUN AVENUE 5 760102"}},{"type":"Feature","geometry":{"type":"Point","coordinates":[103.81934130452038,1.277795394350079]},"properties":{"category":"Supermarket","name":"COLD STORAGE SINGAPORE (1983) PTE LTD","address":"8 TELOK BLANGAH CRESCENT 90008"}},{"type":"Feature","geometry":{"type":"Point","coordinates":[103.7885328957459,1.310081185652995]},"properties":{"category":"Supermarket","name":"COLD STORAGE SINGAPORE (1983) PTE LTD","address":"21 GHIM MOH ROAD 270021"}},{"type":"Feature","geometry":{"type":"Point","coordinates":[103.74270864038914,1.348575367161904]},"properties":{"category":"Supermarket","name":"PRIME SUPERMARKET LIMITED","address":"159 BUKIT BATOK STREET 11 650159"}},{"type":"Feature","geometry":{"type":"Point","coordinates":[103.83500077093522,1.416018798362664]},"properties":{"category":"Supermarket","name":"SHENG SIONG SUPERMARKET PTE LTD","address":"845 YISHUN STREET 81 760845"}},{"type":"Feature","geometry":{"type":"Point","coordinates":[103.90192974510605,1.329872196975179]},"properties":{"category":"Supermarket","name":"COLD STORAGE SINGAPORE (1983) PTE LTD","address":"306 UBI AVENUE 1 400306"}},{"type":"Feature","geometry":{"type":"Point","coordinates":[103.87993898861183,1.371703425040014]},"properties":{"category":"Supermarket","name":"ANG MO SUPERMARKET PTE LTD","address":"642 HOUGANG AVENUE 8 530642"}},{"type":"Feature","geometry":{"type":"Point","coordinates":[103.89797741751968,1.316725151665206]},"properties":{"category":"Supermarket","name":"EN FROZEN PTE LTD","address":"1 GEYLANG SERAI 402001"}},{"type":"Feature","geometry":{"type":"Point","coordinates":[103.77897246500767,1.320441711746238]},"properties":{"category":"Supermarket","name":"LAURELS FOODS SUPPLIERS PTE LTD","address":"2 PANDAN VALLEY 597626"}},{"type":"Feature","geometry":{"type":"Point","coordinates":[103.83712528590404,1.427505478763889]},"properties":{"category":"Supermarket","name":"SHENG SIONG SUPERMARKET PTE LTD","address":"925 YISHUN CENTRAL 1 760925"}},{"type":"Feature","geometry":{"type":"Point","coordinates":[103.77351566764474,1.431505268687373]},"properties":{"category":"Supermarket","name":"SHENG SIONG SUPERMARKET PTE LTD","address":"301 WOODLANDS STREET 31 730301"}},{"type":"Feature","geometry":{"type":"Point","coordinates":[103.87075683065227,1.353671028298079]},"properties":{"category":"Supermarket","name":"TEO BOBBY","address":"253 SERANGOON CENTRAL DRIVE 550253"}},{"type":"Feature","geometry":{"type":"Point","coordinates":[103.95170277828302,1.347535189894423]},"properties":{"category":"Supermarket","name":"SHAHUL HAMEED S/O ABDUSALAM","address":"280 TAMPINES STREET 22 520280"}},{"type":"Feature","geometry":{"type":"Point","coordinates":[103.75727670316697,1.346699050439509]},"properties":{"category":"Supermarket","name":"COLD STORAGE SINGAPORE (1983) PTE LTD","address":"284 BUKIT BATOK EAST AVENUE 3 650284"}},{"type":"Feature","geometry":{"type":"Point","coordinates":[103.87147285903366,1.353231638051482]},"properties":{"category":"Supermarket","name":"COLD STORAGE SINGAPORE (1983) PTE LTD","address":"266 SERANGOON CENTRAL DRIVE 550266"}},{"type":"Feature","geometry":{"type":"Point","coordinates":[103.9153760806027,1.305605702628974]},"properties":{"category":"Supermarket","name":"COLD STORAGE SINGAPORE (1983) PTE LTD","address":"56 MARINE TERRACE 440056"}},{"type":"Feature","geometry":{"type":"Point","coordinates":[103.88824844476112,1.32918105553935]},"properties":{"category":"Supermarket","name":"SHENG SIONG SUPERMARKET PTE LTD","address":"18B CIRCUIT ROAD 372018"}},{"type":"Feature","geometry":{"type":"Point","coordinates":[103.83760523908764,1.436114248105054]},"properties":{"category":"Supermarket","name":"COLD STORAGE SINGAPORE (1983) PTE LTD","address":"293 YISHUN STREET 22 760293"}},{"type":"Feature","geometry":{"type":"Point","coordinates":[103.751954418498,1.380790491518951]},"properties":{"category":"Supermarket","name":"PRIME SUPERMARKET (1996) PTE LTD","address":"142 TECK WHYE LANE 680142"}},{"type":"Feature","geometry":{"type":"Point","coordinates":[103.89514489812642,1.366209427589035]},"properties":{"category":"Supermarket","name":"TAN CHUAN BOON","address":"309 HOUGANG AVENUE 5 530309"}},{"type":"Feature","geometry":{"type":"Point","coordinates":[103.85938272710669,1.321619041100487]},"properties":{"category":"Supermarket","name":"SHENG SIONG SUPERMARKET PTE LTD","address":"108 MCNAIR ROAD 321108"}},{"type":"Feature","geometry":{"type":"Point","coordinates":[103.69148312067149,1.342017834329974]},"properties":{"category":"Supermarket","name":"PRIME SUPERMARKET LIMITED","address":"962 JURONG WEST STREET 91 640962"}},{"type":"Feature","geometry":{"type":"Point","coordinates":[103.73937138906554,1.333753432895276]},"properties":{"category":"Supermarket","name":"MCP FAIRMART PTE LTD","address":"135 JURONG GATEWAY ROAD 600135"}},{"type":"Feature","geometry":{"type":"Point","coordinates":[103.93686541147794,1.331433688004088]},"properties":{"category":"Supermarket","name":"SHENG SIONG SUPERMARKET PTE LTD","address":"115 BEDOK NORTH ROAD 460115"}},{"type":"Feature","geometry":{"type":"Point","coordinates":[103.85775287546471,1.324715806376767]},"properties":{"category":"Supermarket","name":"HAO MART PTE. LTD.","address":"74 WHAMPOA DRIVE 320074"}},{"type":"Feature","geometry":{"type":"Point","coordinates":[103.8395550126079,1.247150406312516]},"properties":{"category":"Supermarket","name":"COLD STORAGE SINGAPORE (1983) PTE LTD","address":"1 COVE AVENUE 98537"}},{"type":"Feature","geometry":{"type":"Point","coordinates":[103.81862558815892,1.262063364506458]},"properties":{"category":"Supermarket","name":"COLD STORAGE SINGAPORE (1983) PTE LTD","address":"1 MARITIME SQUARE 99253"}},{"type":"Feature","geometry":{"type":"Point","coordinates":[103.76528451750976,1.303582690526958]},"properties":{"category":"Supermarket","name":"L M MEAT PTE. LTD.","address":"154 WEST COAST ROAD 127371"}},{"type":"Feature","geometry":{"type":"Point","coordinates":[103.74970004410403,1.377543842784085]},"properties":{"category":"Supermarket","name":"U STARS PTE. LTD.","address":"817 KEAT HONG LINK 680817"}},{"type":"Feature","geometry":{"type":"Point","coordinates":[103.73288248041476,1.319238113778556]},"properties":{"category":"Supermarket","name":"GURU'S MARKETING PTE. LTD.","address":"27 PENJURU WALK 608538"}},{"type":"Feature","geometry":{"type":"Point","coordinates":[103.83150732843735,1.305809792214083]},"properties":{"category":"Supermarket","name":"ISETAN (SINGAPORE) LIMITED?","address":"350 ORCHARD ROAD 238868"}},{"type":"Feature","geometry":{"type":"Point","coordinates":[103.76863730131608,1.309733314089154]},"properties":{"category":"Supermarket","name":"SHENG SIONG SUPERMARKET PTE LTD","address":"420A CLEMENTI AVENUE 1 121420"}},{"type":"Feature","geometry":{"type":"Point","coordinates":[103.76936939344195,1.301761307457254]},"properties":{"category":"Supermarket","name":"COLD STORAGE SINGAPORE (1983) PTE LTD","address":"101 CLEMENTI ROAD 129787"}},{"type":"Feature","geometry":{"type":"Point","coordinates":[103.80975859415766,1.295319668550144]},"properties":{"category":"Supermarket","name":"SHENG SIONG SUPERMARKET PTE LTD","address":"85 DAWSON ROAD 141085"}},{"type":"Feature","geometry":{"type":"Point","coordinates":[103.85311991253462,1.293893587530462]},"properties":{"category":"Supermarket","name":"COLD STORAGE SINGAPORE (1983) PTE LTD","address":"252 NORTH BRIDGE ROAD 179103"}},{"type":"Feature","geometry":{"type":"Point","coordinates":[103.83467613465972,1.302424179095318]},"properties":{"category":"Supermarket","name":"COLD STORAGE SINGAPORE (1983) PTE LTD","address":"391A ORCHARD ROAD 238873"}},{"type":"Feature","geometry":{"type":"Point","coordinates":[103.85737807573317,1.332112773845757]},"properties":{"category":"Supermarket","name":"COLD STORAGE SINGAPORE (1983) PTE LTD","address":"260 KIM KEAT AVENUE 310260"}},{"type":"Feature","geometry":{"type":"Point","coordinates":[103.8031076353918,1.290909183471142]},"properties":{"category":"Supermarket","name":"NTUC FAIRPRICE CO-OPERATIVE LTD","address":"170 STIRLING ROAD 140170"}},{"type":"Feature","geometry":{"type":"Point","coordinates":[103.84469709078607,1.284998838566604]},"properties":{"category":"Supermarket","name":"NTUC FAIRPRICE CO-OPERATIVE LTD","address":"133 NEW BRIDGE ROAD 59413"}},{"type":"Feature","geometry":{"type":"Point","coordinates":[103.84346318507774,1.317334642536012]},"properties":{"category":"Supermarket","name":"COLD STORAGE SINGAPORE (1983) PTE LTD","address":"101 THOMSON ROAD 307591"}},{"type":"Feature","geometry":{"type":"Point","coordinates":[103.88783202689343,1.37924528806952]},"properties":{"category":"Supermarket","name":"COLD STORAGE SINGAPORE (1983) PTE LTD","address":"21 HOUGANG STREET 51 538719"}},{"type":"Feature","geometry":{"type":"Point","coordinates":[103.92437023588657,1.324760406947875]},"properties":{"category":"Supermarket","name":"TEO BOBBY","address":"29 CHAI CHEE AVENUE 460029"}},{"type":"Feature","geometry":{"type":"Point","coordinates":[103.86516364937232,1.302751217917174]},"properties":{"category":"Supermarket","name":"LOH NYEN YIU","address":"5001 BEACH ROAD 199588"}},{"type":"Feature","geometry":{"type":"Point","coordinates":[103.73288248041476,1.319238113778556]},"properties":{"category":"Supermarket","name":"ARCHANA PROVISION STORES PTE. LTD","address":"27 PENJURU WALK 608538"}},{"type":"Feature","geometry":{"type":"Point","coordinates":[103.73252715083754,1.316210423137517]},"properties":{"category":"Supermarket","name":"KINGSMART PTE. LTD.","address":"30 PENJURU PLACE 608557"}},{"type":"Feature","geometry":{"type":"Point","coordinates":[103.85079518200199,1.278307303204584]},"properties":{"category":"Supermarket","name":"AP HOUSE PTE. LTD.","address":"12 MARINA VIEW 18961"}},{"type":"Feature","geometry":{"type":"Point","coordinates":[103.93689451632324,1.311795449790885]},"properties":{"category":"Supermarket","name":"HAO MART PTE. LTD.","address":"54 BAYSHORE ROAD 469979"}},{"type":"Feature","geometry":{"type":"Point","coordinates":[103.95541946787048,1.321447690853971]},"properties":{"category":"Supermarket","name":"COLD STORAGE SINGAPORE (1983) PTE LTD","address":"20 EASTWOOD ROAD 486442"}},{"type":"Feature","geometry":{"type":"Point","coordinates":[103.88924675727519,1.396849794470228]},"properties":{"category":"Supermarket","name":"U STARS SUPERMARKET PTE. LTD.","address":"330 ANCHORVALE STREET 540330"}},{"type":"Feature","geometry":{"type":"Point","coordinates":[103.89278716408079,1.389770253659842]},"properties":{"category":"Supermarket","name":"U STARS SUPERMARKET PTE. LTD.","address":"215C COMPASSVALE DRIVE 543215"}},{"type":"Feature","geometry":{"type":"Point","coordinates":[103.87141698333839,1.373683928792574]},"properties":{"category":"Supermarket","name":"PRIME SUPERMARKET (1996) PTE LTD","address":"542B SERANGOON NORTH AVENUE 3 552542"}},{"type":"Feature","geometry":{"type":"Point","coordinates":[103.83605365408377,1.351844982356678]},"properties":{"category":"Supermarket","name":"SHENG SIONG SUPERMARKET PTE LTD","address":"200 UPPER THOMSON ROAD 574424"}},{"type":"Feature","geometry":{"type":"Point","coordinates":[103.83796323274088,1.445183290128306]},"properties":{"category":"Supermarket","name":"PHAN NEE INVESTMENTS (S) PTE LTD","address":"2C YISHUN AVENUE 7 768930"}},{"type":"Feature","geometry":{"type":"Point","coordinates":[103.83297991133269,1.417383367440456]},"properties":{"category":"Supermarket","name":"COLD STORAGE SINGAPORE (1983) PTE LTD","address":"201 YISHUN AVENUE 2 769092"}},{"type":"Feature","geometry":{"type":"Point","coordinates":[103.89644789031885,1.418331379117346]},"properties":{"category":"Supermarket","name":"GW TRADER PTE. LTD.","address":"8 SELETAR NORTH LINK 797455"}},{"type":"Feature","geometry":{"type":"Point","coordinates":[103.72975133913087,1.320787912944937]},"properties":{"category":"Supermarket","name":"PHANG NEE ENTERPRISE PTE. LTD.","address":"2D JALAN PAPAN 619415"}},{"type":"Feature","geometry":{"type":"Point","coordinates":[103.90037167895332,1.410819262805588]},"properties":{"category":"Supermarket","name":"SHENG SIONG SUPERMARKET PTE LTD","address":"312A SUMANG LINK 821312"}},{"type":"Feature","geometry":{"type":"Point","coordinates":[103.90511359045813,1.301191314722927]},"properties":{"category":"Supermarket","name":"FOUR SEASONS ORGANIC MARKET PTE. LTD.","address":"80 MARINE PARADE ROAD 449269"}},{"type":"Feature","geometry":{"type":"Point","coordinates":[103.90511359045813,1.301191314722927]},"properties":{"category":"Supermarket","name":"THE BUTCHER (SINGAPORE) PTE. LTD.","address":"80 MARINE PARADE ROAD 449269"}},{"type":"Feature","geometry":{"type":"Point","coordinates":[103.77135056604185,1.314278608956548]},"properties":{"category":"Supermarket","name":"SHENG SIONG SUPERMARKET PTE LTD","address":"352 CLEMENTI AVENUE 2 120352"}},{"type":"Feature","geometry":{"type":"Point","coordinates":[103.71575950979076,1.35239357627613]},"properties":{"category":"Supermarket","name":"SHENG SIONG SUPERMARKET PTE LTD","address":"544 JURONG WEST STREET 42 640544"}},{"type":"Feature","geometry":{"type":"Point","coordinates":[103.77026590920437,1.322123937659969]},"properties":{"category":"Supermarket","name":"THNG SAIK MONG","address":"108 CLEMENTI STREET 11 120108"}},{"type":"Feature","geometry":{"type":"Point","coordinates":[103.84820849105255,1.358035242509246]},"properties":{"category":"Supermarket","name":"HAO MART PTE. LTD.","address":"222 BISHAN STREET 23 570222"}},{"type":"Feature","geometry":{"type":"Point","coordinates":[103.96004218905593,1.354364936175164]},"properties":{"category":"Supermarket","name":"COLD STORAGE SINGAPORE (1983) PTE LTD","address":"9 TAMPINES STREET 32 529286"}},{"type":"Feature","geometry":{"type":"Point","coordinates":[103.79684652287808,1.450749729896402]},"properties":{"category":"Supermarket","name":"SHENG SIONG SUPERMARKET PTE LTD","address":"200 WOODLANDS INDUSTRIAL PARK E7 757177"}},{"type":"Feature","geometry":{"type":"Point","coordinates":[103.86200587554274,1.308327009596676]},"properties":{"category":"Supermarket","name":"MAHOTA FOOD PTE. LTD.","address":"809 FRENCH ROAD 200809"}},{"type":"Feature","geometry":{"type":"Point","coordinates":[103.72672284196838,1.32048426083035]},"properties":{"category":"Supermarket","name":"GURU'S MARKETING PTE. LTD.","address":"1 JALAN PAPAN 619392"}},{"type":"Feature","geometry":{"type":"Point","coordinates":[103.72672284196838,1.32048426083035]},"properties":{"category":"Supermarket","name":"VINAYAK TRADERS PTE. LTD.","address":"1 JALAN PAPAN 619392"}},{"type":"Feature","geometry":{"type":"Point","coordinates":[103.79814099657693,1.445622899347683]},"properties":{"category":"Supermarket","name":"COLD STORAGE SINGAPORE (1983) PTE LTD","address":"768 WOODLANDS AVENUE 6 730768"}},{"type":"Feature","geometry":{"type":"Point","coordinates":[103.72672284196838,1.32048426083035]},"properties":{"category":"Supermarket","name":"CHENNAI TRADING & SUPERMART PTE. LTD.","address":"1 JALAN PAPAN 619392"}},{"type":"Feature","geometry":{"type":"Point","coordinates":[103.76056171553009,1.40631204506305]},"properties":{"category":"Supermarket","name":"AJMAL TRADE MART PTE. LTD.","address":"23 MANDAI ESTATE 729937"}},{"type":"Feature","geometry":{"type":"Point","coordinates":[103.96238930678899,1.33432515420149]},"properties":{"category":"Supermarket","name":"L M MEAT PTE. LTD.","address":"5 CHANGI BUSINESS PARK CENTRAL 1 486038"}},{"type":"Feature","geometry":{"type":"Point","coordinates":[103.73288248041476,1.319238113778556]},"properties":{"category":"Supermarket","name":"SHENG SIONG SUPERMARKET PTE LTD","address":"27 PENJURU WALK 608538"}},{"type":"Feature","geometry":{"type":"Point","coordinates":[103.79109517707822,1.451325053046333]},"properties":{"category":"Supermarket","name":"SUN TRG & CON PTE LTD","address":"280 WOODLANDS INDUSTRIAL PARK E5 757322"}},{"type":"Feature","geometry":{"type":"Point","coordinates":[103.84158011617268,1.287082787673442]},"properties":{"category":"Supermarket","name":"SHENG SIONG SUPERMARKET PTE LTD","address":"52 CHIN SWEE ROAD 160052"}},{"type":"Feature","geometry":{"type":"Point","coordinates":[103.89498003524913,1.392094149277607]},"properties":{"category":"Supermarket","name":"COLD STORAGE SINGAPORE (1983) PTE LTD","address":"1 SENGKANG SQUARE 545078"}},{"type":"Feature","geometry":{"type":"Point","coordinates":[103.82449507972095,1.441767146781326]},"properties":{"category":"Supermarket","name":"COLD STORAGE SINGAPORE (1983) PTE LTD","address":"604 SEMBAWANG ROAD 758459"}},{"type":"Feature","geometry":{"type":"Point","coordinates":[103.84469709078607,1.284998838566604]},"properties":{"category":"Supermarket","name":"SONG FISH DEALER PTE LTD","address":"133 NEW BRIDGE ROAD 59413"}},{"type":"Feature","geometry":{"type":"Point","coordinates":[103.70646088682562,1.339830148058248]},"properties":{"category":"Supermarket","name":"SONG FISH DEALER PTE LTD","address":"1 JURONG WEST CENTRAL 2 648886"}},{"type":"Feature","geometry":{"type":"Point","coordinates":[103.9645985013336,1.366453633255881]},"properties":{"category":"Supermarket","name":"COLD STORAGE SINGAPORE (1983) PTE LTD","address":"259 PASIR RIS STREET 21 510259"}},{"type":"Feature","geometry":{"type":"Point","coordinates":[103.82531076914404,1.273929408176873]},"properties":{"category":"Supermarket","name":"NG CHAI SENG","address":"109 BUKIT PURMEI ROAD 90109"}},{"type":"Feature","geometry":{"type":"Point","coordinates":[103.75036580713602,1.358946366533834]},"properties":{"category":"Supermarket","name":"PRIME SUPERMARKET LIMITED","address":"373 BUKIT BATOK STREET 31 650373"}},{"type":"Feature","geometry":{"type":"Point","coordinates":[103.74152011280358,1.380627984796616]},"properties":{"category":"Supermarket","name":"ANG KEN CHUA","address":"410 CHOA CHU KANG AVENUE 3 680410"}},{"type":"Feature","geometry":{"type":"Point","coordinates":[103.92423646401227,1.331773017026673]},"properties":{"category":"Supermarket","name":"HAO MART PTE. LTD.","address":"537 BEDOK NORTH STREET 3 460537"}},{"type":"Feature","geometry":{"type":"Point","coordinates":[103.93199989583606,1.372101695373185]},"properties":{"category":"Supermarket","name":"COLD STORAGE SINGAPORE (1983) PTE LTD","address":"21 TAMPINES NORTH DRIVE 2 528765"}},{"type":"Feature","geometry":{"type":"Point","coordinates":[103.88700416899722,1.337484921331292]},"properties":{"category":"Supermarket","name":"SARATHI STORES PTE LTD","address":"91 UPPER PAYA LEBAR ROAD 534821"}},{"type":"Feature","geometry":{"type":"Point","coordinates":[103.8861092583925,1.338882303734699]},"properties":{"category":"Supermarket","name":"SIVAMANI MINIMART PTE LTD","address":"141 UPPER PAYA LEBAR ROAD 534846"}},{"type":"Feature","geometry":{"type":"Point","coordinates":[103.82963086710761,1.373079466626139]},"properties":{"category":"Supermarket","name":"HAO MART PTE. LTD.","address":"16 JALAN KURAS 577729"}},{"type":"Feature","geometry":{"type":"Point","coordinates":[103.78696922373781,1.336614749021308]},"properties":{"category":"Supermarket","name":"ALTERNATIVE SELECTION PTE. LTD.","address":"29 BINJAI PARK 589831"}},{"type":"Feature","geometry":{"type":"Point","coordinates":[103.63614479504345,1.270677123052828]},"properties":{"category":"Supermarket","name":"TUAS SOUTH MINIMART PTE. LTD.","address":"6 TUAS SOUTH STREET 15 636906"}},{"type":"Feature","geometry":{"type":"Point","coordinates":[103.62751790663187,1.298951467397412]},"properties":{"category":"Supermarket","name":"NPS IMPEX PTE. LTD","address":"21 TUAS VIEW SQUARE 637640"}},{"type":"Feature","geometry":{"type":"Point","coordinates":[103.7245987023524,1.350112430129212]},"properties":{"category":"Supermarket","name":"COLD STORAGE SINGAPORE (1983) PTE LTD","address":"492 JURONG WEST STREET 41 640492"}},{"type":"Feature","geometry":{"type":"Point","coordinates":[103.70341565568613,1.348784894562801]},"properties":{"category":"Supermarket","name":"SHENG SIONG SUPERMARKET PTE LTD","address":"7 JURONG WEST AVENUE 5 649486"}},{"type":"Feature","geometry":{"type":"Point","coordinates":[103.76754238698923,1.360123705729793]},"properties":{"category":"Supermarket","name":"COLD STORAGE SINGAPORE (1983) PTE LTD","address":"464 UPPER BUKIT TIMAH ROAD 678077"}},{"type":"Feature","geometry":{"type":"Point","coordinates":[103.76839596810949,1.410722194136363]},"properties":{"category":"Supermarket","name":"GOWRI'S GLOBAL MARKETING PTE. LTD.","address":"460 MANDAI ROAD 729760"}},{"type":"Feature","geometry":{"type":"Point","coordinates":[103.75400842983181,1.435945359164303]},"properties":{"category":"Supermarket","name":"BALASUBRAMANIYAN KANNADASAN","address":"257 KRANJI ROAD 739503"}},{"type":"Feature","geometry":{"type":"Point","coordinates":[103.75923729788484,1.430693589383709]},"properties":{"category":"Supermarket","name":"AJMAL TRADE MART PTE. LTD.","address":"12 KRANJI ROAD 739522"}},{"type":"Feature","geometry":{"type":"Point","coordinates":[103.79785342067227,1.451220636316187]},"properties":{"category":"Supermarket","name":"DE ESPERTO MINIMART PTE. LTD.","address":"190 WOODLANDS INDUSTRIAL PARK E7 757178"}},{"type":"Feature","geometry":{"type":"Point","coordinates":[103.81811127527875,1.461388537677535]},"properties":{"category":"Supermarket","name":"PHAN NEE TRADING LLP","address":"49 ADMIRALTY ROAD WEST 757444"}},{"type":"Feature","geometry":{"type":"Point","coordinates":[103.83252637215043,1.453436933569423]},"properties":{"category":"Supermarket","name":"BANGLADESH SUPER MARKET PTE. LTD.","address":"1024 SEMBAWANG ROAD 758498"}},{"type":"Feature","geometry":{"type":"Point","coordinates":[103.87285158163627,1.396574155587702]},"properties":{"category":"Supermarket","name":"LABIBA ENTERPRISE PTE. LTD.","address":"249 JALAN KAYU 799473"}},{"type":"Feature","geometry":{"type":"Point","coordinates":[103.89703107818052,1.381997031350526]},"properties":{"category":"Supermarket","name":"COLD STORAGE SINGAPORE (1983) PTE LTD","address":"266 COMPASSVALE BOW 540266"}},{"type":"Feature","geometry":{"type":"Point","coordinates":[103.75180738786467,1.336417980553376]},"properties":{"category":"Supermarket","name":"SHAFEN SUPERMARKET & TRADING (S) PTE. LTD.","address":"18 TOH GUAN ROAD EAST 608596"}},{"type":"Feature","geometry":{"type":"Point","coordinates":[103.722316838638,1.308593461458159]},"properties":{"category":"Supermarket","name":"YS LOGISTICS (S) PTE. LTD.","address":"15 JALAN TEPONG 619336"}},{"type":"Feature","geometry":{"type":"Point","coordinates":[103.627436995081,1.313358096773965]},"properties":{"category":"Supermarket","name":"MALAR MARKETING PTE. LTD.","address":"69 TUAS SOUTH AVENUE 1 637589"}},{"type":"Feature","geometry":{"type":"Point","coordinates":[103.63019001720815,1.310694285341005]},"properties":{"category":"Supermarket","name":"SADIA SUPERMARKET & TRADING (S) PTE. LTD.","address":"14 TECH PARK CRESCENT 638118"}},{"type":"Feature","geometry":{"type":"Point","coordinates":[103.67712998696078,1.328886005532798]},"properties":{"category":"Supermarket","name":"GOWRI'S GLOBAL MARKETING PTE. LTD.","address":"555 UPPER JURONG ROAD 638368"}},{"type":"Feature","geometry":{"type":"Point","coordinates":[103.62791698849051,1.313322351038656]},"properties":{"category":"Supermarket","name":"KAVI TRADERS PTE. LTD.","address":"69R TUAS SOUTH AVENUE 1 639926"}},{"type":"Feature","geometry":{"type":"Point","coordinates":[103.75809497844577,1.407543240608688]},"properties":{"category":"Supermarket","name":"BISMILLAH MINIMART PTE. LTD.","address":"32 MANDAI ESTATE 729939"}},{"type":"Feature","geometry":{"type":"Point","coordinates":[103.81454029154811,1.455512082764739]},"properties":{"category":"Supermarket","name":"FORTUNE SUPERMARKET PTE. LTD.","address":"463 SEMBAWANG DRIVE 750463"}},{"type":"Feature","geometry":{"type":"Point","coordinates":[103.81724928095315,1.452736233950709]},"properties":{"category":"Supermarket","name":"COLD STORAGE SINGAPORE (1983) PTE LTD","address":"406A SEMBAWANG DRIVE 751406"}},{"type":"Feature","geometry":{"type":"Point","coordinates":[103.9088507669131,1.396526176221595]},"properties":{"category":"Supermarket","name":"PRIME SUPERMARKET LIMITED","address":"108 PUNGGOL FIELD 820108"}},{"type":"Feature","geometry":{"type":"Point","coordinates":[103.89682389736342,1.405413535938407]},"properties":{"category":"Supermarket","name":"U STARS SUPERMARKET PTE. LTD.","address":"261 PUNGGOL WAY 820261"}},{"type":"Feature","geometry":{"type":"Point","coordinates":[103.77076831233853,1.38358044412727]},"properties":{"category":"Supermarket","name":"COLD STORAGE SINGAPORE (1983) PTE LTD","address":"445 FAJAR ROAD 670445"}},{"type":"Feature","geometry":{"type":"Point","coordinates":[103.77392408703601,1.373430252899735]},"properties":{"category":"Supermarket","name":"HAO MART PTE. LTD.","address":"205 PETIR ROAD 670205"}},{"type":"Feature","geometry":{"type":"Point","coordinates":[103.83325904407936,1.425398420854532]},"properties":{"category":"Supermarket","name":"PRIME SUPERMARKET (1996) PTE LTD","address":"761 YISHUN STREET 72 760761"}},{"type":"Feature","geometry":{"type":"Point","coordinates":[103.94591218965097,1.355902185478318]},"properties":{"category":"Supermarket","name":"SHENG SIONG SUPERMARKET PTE LTD","address":"506 TAMPINES CENTRAL 1 520506"}},{"type":"Feature","geometry":{"type":"Point","coordinates":[103.93708818162557,1.374549286718266]},"properties":{"category":"Supermarket","name":"COLD STORAGE SINGAPORE (1983) PTE LTD","address":"776 PASIR RIS STREET 71 510776"}},{"type":"Feature","geometry":{"type":"Point","coordinates":[103.8472497931287,1.424899318024534]},"properties":{"category":"Supermarket","name":"COLD STORAGE SINGAPORE (1983) PTE LTD","address":"418 YISHUN AVENUE 11 760418"}},{"type":"Feature","geometry":{"type":"Point","coordinates":[103.92414964248552,1.323289601729609]},"properties":{"category":"Supermarket","name":"PRIME SUPERMARKET LIMITED","address":"25A CHAI CHEE ROAD 461025"}},{"type":"Feature","geometry":{"type":"Point","coordinates":[103.92550060005058,1.332402301799918]},"properties":{"category":"Supermarket","name":"SHENG SIONG SUPERMARKET PTE LTD","address":"539A BEDOK NORTH STREET 3 461539"}},{"type":"Feature","geometry":{"type":"Point","coordinates":[103.94363236217019,1.319350272804708]},"properties":{"category":"Supermarket","name":"HAO MART PTE. LTD.","address":"69 BEDOK SOUTH AVENUE 3 460069"}},{"type":"Feature","geometry":{"type":"Point","coordinates":[103.87931459905568,1.352090598857208]},"properties":{"category":"Supermarket","name":"PRIME SUPERMARKET (1996) PTE LTD","address":"159A HOUGANG STREET 11 531159"}},{"type":"Feature","geometry":{"type":"Point","coordinates":[103.8960422697359,1.394848155933876]},"properties":{"category":"Supermarket","name":"PRIME SUPERMARKET LIMITED","address":"263 COMPASSVALE STREET 540263"}},{"type":"Feature","geometry":{"type":"Point","coordinates":[103.7905480202595,1.442753322397]},"properties":{"category":"Supermarket","name":"COLD STORAGE SINGAPORE (1983) PTE LTD","address":"883 WOODLANDS STREET 82 730883"}},{"type":"Feature","geometry":{"type":"Point","coordinates":[103.8394891949516,1.374239506746025]},"properties":{"category":"Supermarket","name":"COLD STORAGE SINGAPORE (1983) PTE LTD","address":"161 ANG MO KIO AVENUE 4 560161"}},{"type":"Feature","geometry":{"type":"Point","coordinates":[103.88269585267142,1.345607713699606]},"properties":{"category":"Supermarket","name":"COLD STORAGE SINGAPORE (1983) PTE LTD","address":"2 JALAN LOKAM 537846"}},{"type":"Feature","geometry":{"type":"Point","coordinates":[103.89601876628058,1.416907800812178]},"properties":{"category":"Supermarket","name":"D-RON INVESTMENTS PTE. LTD.","address":"2 SELETAR NORTH LINK 797601"}},{"type":"Feature","geometry":{"type":"Point","coordinates":[103.62576466323067,1.313964520023132]},"properties":{"category":"Supermarket","name":"AJMAL SUPER MART PTE. LTD.","address":"70 TUAS SOUTH AVENUE 1 637285"}},{"type":"Feature","geometry":{"type":"Point","coordinates":[103.82935220276077,1.307562372632586]},"properties":{"category":"Supermarket","name":"COLD STORAGE SINGAPORE (1983) PTE LTD","address":"1 CLAYMORE DRIVE 229594"}},{"type":"Feature","geometry":{"type":"Point","coordinates":[103.7431704309006,1.333200216714258]},"properties":{"category":"Supermarket","name":"SONG FISH DEALER PTE LTD","address":"50 JURONG GATEWAY ROAD 608549"}},{"type":"Feature","geometry":{"type":"Point","coordinates":[103.8378149756896,1.31617742511381]},"properties":{"category":"Supermarket","name":"COLD STORAGE SINGAPORE (1983) PTE LTD","address":"36A DUNEARN ROAD 309426"}},{"type":"Feature","geometry":{"type":"Point","coordinates":[103.85850574933843,1.283558725408741]},"properties":{"category":"Supermarket","name":"COLD STORAGE SINGAPORE (1983) PTE LTD","address":"2 BAYFRONT AVENUE 18972"}},{"type":"Feature","geometry":{"type":"Point","coordinates":[103.80703380492979,1.33166477553363]},"properties":{"category":"Supermarket","name":"NG LIAN TEE","address":"7 GREENDALE AVENUE 289504"}},{"type":"Feature","geometry":{"type":"Point","coordinates":[103.87884190314432,1.333123239896416]},"properties":{"category":"Supermarket","name":"TAN PAK NANG","address":"387 UPPER ALJUNIED ROAD 367872"}},{"type":"Feature","geometry":{"type":"Point","coordinates":[103.87700475067427,1.313469039060128]},"properties":{"category":"Supermarket","name":"HAO MART PTE. LTD.","address":"32 LORONG 11 GEYLANG 388724"}},{"type":"Feature","geometry":{"type":"Point","coordinates":[103.87738927067298,1.31208877136193]},"properties":{"category":"Supermarket","name":"PRB TRADING PTE. LTD.","address":"230 GEYLANG ROAD 389290"}},{"type":"Feature","geometry":{"type":"Point","coordinates":[103.87864150356742,1.312720553219993]},"properties":{"category":"Supermarket","name":"SHENG SIONG SUPERMARKET PTE LTD","address":"301 GEYLANG ROAD 389344"}},{"type":"Feature","geometry":{"type":"Point","coordinates":[103.88515315400753,1.313288615462464]},"properties":{"category":"Supermarket","name":"I-TEC SUPERMART PTE LTD","address":"498/500 GEYLANG ROAD 389456"}},{"type":"Feature","geometry":{"type":"Point","coordinates":[103.88187779697513,1.313576054270186]},"properties":{"category":"Supermarket","name":"YEO HOCK HENG","address":"5 ALJUNIED ROAD 389797"}},{"type":"Feature","geometry":{"type":"Point","coordinates":[103.90994666520658,1.338096739137764]},"properties":{"category":"Supermarket","name":"AZ SUPERMART PTE. LTD.","address":"21 KAKI BUKIT AVENUE 3 415920"}},{"type":"Feature","geometry":{"type":"Point","coordinates":[103.89614964273991,1.306086367972731]},"properties":{"category":"Supermarket","name":"FOODIE MARKET PLACE PTE. LTD.","address":"313 TANJONG KATONG ROAD 437096"}},{"type":"Feature","geometry":{"type":"Point","coordinates":[103.92585702633613,1.315749332696788]},"properties":{"category":"Supermarket","name":"ZAC MEAT & POULTRY PTE LTD","address":"1B FIGARO STREET 458322"}},{"type":"Feature","geometry":{"type":"Point","coordinates":[103.850164578087,1.2844248503218,0.0]},"properties":{"category":"Hawker centre","name":"Market Street Hawker Centre","address":"50 Market Street 48940"}},{"type":"Feature","geometry":{"type":"Point","coordinates":[103.779784899996,1.43353885680037,0.0]},"properties":{"category":"Hawker centre","name":"Marsiling Mall Hawker Centre","address":"4 Woodlands Street 12 738623"}},{"type":"Feature","geometry":{"type":"Point","coordinates":[103.804715225285,1.29748567106686,0.0]},"properties":{"category":"Hawker centre","name":"Margaret Drive Hawker Centre","address":"38A Margaret Drive 142038"}},{"type":"Feature","geometry":{"type":"Point","coordinates":[103.877060478847,1.39159232727757,0.0]},"properties":{"category":"Hawker centre","name":"Fernvale Hawker Centre & Market","address":"21 Sengkang West Avenue 797650"}},{"type":"Feature","geometry":{"type":"Point","coordinates":[103.904805657576,1.40818996870647,0.0]},"properties":{"category":"Hawker centre","name":"One Punggol Hawker Centre","address":"1 Punggol Drive 828629"}},{"type":"Feature","geometry":{"type":"Point","coordinates":[103.822484958307,1.44901674160031,0.0]},"properties":{"category":"Hawker centre","name":"Bukit Canberra Hawker Centre","address":"21 Canberra Link 756973"}},{"type":"Feature","geometry":{"type":"Point","coordinates":[103.761017756804,1.38713573069818,0.0]},"properties":{"category":"Hawker centre","name":"Senja Hawker Centre","address":"2 Senja Close 677632"}},{"type":"Feature","geometry":{"type":"Point","coordinates":[103.892403203249,1.38238755827879,0.0]},"properties":{"category":"Hawker centre","name":"Buangkok Hawker Centre","address":"72 Compassvale Bow 544692"}},{"type":"Feature","geometry":{"type":"Point","coordinates":[103.741825836536,1.35521457121361,0.0]},"properties":{"category":"Hawker centre","name":"Bukit Batok West Hawker Centre","address":"469A Bukit Batok West Avenue 9 651469"}},{"type":"Feature","geometry":{"type":"Point","coordinates":[103.808078713674,1.27324863952078,0.0]},"properties":{"category":"Hawker centre","name":"Telok Blangah Hawker Centre & Market","address":"78C Telok Blangah Drive 103078"}},{"type":"Feature","geometry":{"type":"Point","coordinates":[103.924844235398,1.33178125123252,0.0]},"properties":{"category":"Hawker centre","name":"Bedok North Street 3 Blk 538","address":"538 Bedok North Street 3 460538"}},{"type":"Feature","geometry":{"type":"Point","coordinates":[103.938732580554,1.33198706861747,0.0]},"properties":{"category":"Hawker centre","name":"Bedok North Street 4 Blk 85 (85 Fengshan Centre)","address":"85 Bedok North Street 4 460085"}},{"type":"Feature","geometry":{"type":"Point","coordinates":[103.814165010384,1.32413422253318,0.0]},"properties":{"category":"Hawker centre","name":"Adam Road Food Centre","address":"2 Adam Road 289876"}},{"type":"Feature","geometry":{"type":"Point","coordinates":[103.88701902611,1.32064829234987,0.0]},"properties":{"category":"Hawker centre","name":"Aljunied Ave 2 Blk 117 (Blk 117 Aljunied Market and Food Centre)","address":"117 Aljunied Ave 2 380117"}},{"type":"Feature","geometry":{"type":"Point","coordinates":[103.846606784092,1.27921844263269,0.0]},"properties":{"category":"Hawker centre","name":"Amoy Street Food Centre (Telok Ayer Food Centre)","address":"Telok Ayer Street 69111"}},{"type":"Feature","geometry":{"type":"Point","coordinates":[103.839231344066,1.36678764523637,0.0]},"properties":{"category":"Hawker centre","name":"Ang Mo Kio Ave 1 Blk 226D (Kebun Baru Market and Food Centre)","address":"226D Ang Mo Kio Ave 1 564226"}},{"type":"Feature","geometry":{"type":"Point","coordinates":[103.848254220438,1.36410517096399,0.0]},"properties":{"category":"Hawker centre","name":"Ang Mo Kio Ave 1 Blk 341 (Teck Ghee Court)","address":"341 Ang Mo Kio Ave 1 560341"}},{"type":"Feature","geometry":{"type":"Point","coordinates":[103.855369790045,1.36276891777383,0.0]},"properties":{"category":"Hawker centre","name":"Ang Mo Kio Ave 10 Blk 409 (Teck Ghee Square)","address":"409 Ang Mo Kio Ave 10 560409"}},{"type":"Feature","geometry":{"type":"Point","coordinates":[103.856351437414,1.36824049310006,0.0]},"properties":{"category":"Hawker centre","name":"Ang Mo Kio Ave 10 Blk 453A (Chong Boon Market and Food Centre)","address":"453A Ang Mo Kio Ave 10 561453"}},{"type":"Feature","geometry":{"type":"Point","coordinates":[103.854482811591,1.37276992816898,0.0]},"properties":{"category":"Hawker centre","name":"Ang Mo Kio Ave 10 Blk 527 (Cheng San Market and Cooked Food Centre)","address":"527 Ang Mo Kio Ave 10 560527"}},{"type":"Feature","geometry":{"type":"Point","coordinates":[103.839214290038,1.37448912101909,0.0]},"properties":{"category":"Hawker centre","name":"Ang Mo Kio Ave 4 Blk 160/162 (Mayflower Market)","address":"160/162 Ang Mo Kio Ave 4 560160"}},{"type":"Feature","geometry":{"type":"Point","coordinates":[103.840682307297,1.38102486670548,0.0]},"properties":{"category":"Hawker centre","name":"Ang Mo Kio Ave 4 Blk 628 (Ang Mo Kio 628 Market)","address":"628 Ang Mo Kio Ave 4 560628"}},{"type":"Feature","geometry":{"type":"Point","coordinates":[103.846519219268,1.37219743270045,0.0]},"properties":{"category":"Hawker centre","name":"Ang Mo Kio Ave 6 Blk 724 (Blk 724 Ang Mo Kio Market)","address":"724 Ang Mo Kio Ave 6 560724"}},{"type":"Feature","geometry":{"type":"Point","coordinates":[103.839953165936,1.36723014879667,0.0]},"properties":{"category":"Hawker centre","name":"Ang Mo Kio Street 22 Blk 226H (Kebun Baru Food Centre)","address":"226H Ang Mo Kio Street 22 568226"}},{"type":"Feature","geometry":{"type":"Point","coordinates":[103.955474150677,1.32035600765426,0.0]},"properties":{"category":"Hawker centre","name":"Bedok Food Centre","address":"1 Bedok Road 469572"}},{"type":"Feature","geometry":{"type":"Point","coordinates":[103.933221544751,1.32706240888967,0.0]},"properties":{"category":"Hawker centre","name":"Bedok North Street 1 Blk 216","address":"216 Bedok North Street 1 460216"}},{"type":"Feature","geometry":{"type":"Point","coordinates":[103.930602144469,1.33324627868937,0.0]},"properties":{"category":"Hawker centre","name":"Bedok North Street 3 Blk 511 (Kaki Bukit 511 Market and Food Centre)","address":"511 Bedok North Street 3 460511"}},{"type":"Feature","geometry":{"type":"Point","coordinates":[103.91405388831,1.33315924777343,0.0]},"properties":{"category":"Hawker centre","name":"Bedok Reservoir Road Blk 630","address":"630 Bedok Reservoir Road 470630"}},{"type":"Feature","geometry":{"type":"Point","coordinates":[103.93553909635,1.32055216480957,0.0]},"properties":{"category":"Hawker centre","name":"Bedok South Road Blk 16","address":"16 Bedok South Road 460016"}},{"type":"Feature","geometry":{"type":"Point","coordinates":[103.863021377531,1.31921699786807,0.0]},"properties":{"category":"Hawker centre","name":"Bendemeer Road Blk 29 (Bendemeer Market and Food Centre)","address":"29 Bendemeer Road 330029"}},{"type":"Feature","geometry":{"type":"Point","coordinates":[103.827358017197,1.28882210205212,0.0]},"properties":{"category":"Hawker centre","name":"Beo Crescent Market","address":"38A Beo Crescent 169982"}},{"type":"Feature","geometry":{"type":"Point","coordinates":[103.856853966617,1.30733651651517,0.0]},"properties":{"category":"Hawker centre","name":"Berseh Food Centre","address":"166 Jalan Besar 208877"}},{"type":"Feature","geometry":{"type":"Point","coordinates":[103.712799765872,1.3452231627967,0.0]},"properties":{"category":"Hawker centre","name":"Boon Lay Place Blk 221A/B (Boon Lay Place Market and Food Village)","address":"221A/B Boon Lay Place 641221"}},{"type":"Feature","geometry":{"type":"Point","coordinates":[103.850530969624,1.30620584090733,0.0]},"properties":{"category":"Hawker centre","name":"Buffalo Road Blk 665 (Tekka Centre/Zhu Jiao Market)","address":"665 Buffalo Road 210665"}},{"type":"Feature","geometry":{"type":"Point","coordinates":[103.816992390295,1.28369258928085,0.0]},"properties":{"category":"Hawker centre","name":"Bukit Merah Central Blk 163 (Bukit Merah Central Food Centre)","address":"163 Bukit Merah Central 150163"}},{"type":"Feature","geometry":{"type":"Point","coordinates":[103.804489277779,1.28629777221659,0.0]},"properties":{"category":"Hawker centre","name":"Bukit Merah Lane 1 Blk 120 (Alexandra Village Food Centre)","address":"120 Bukit Merah Lane 1 150120"}},{"type":"Feature","geometry":{"type":"Point","coordinates":[103.822049361292,1.28550478314618,0.0]},"properties":{"category":"Hawker centre","name":"Bukit Merah View Blk 115 (Blk 115 Bukit Merah View Market and Food Centre)","address":"115 Bukit Merah View 151115"}},{"type":"Feature","geometry":{"type":"Point","coordinates":[103.772489583206,1.37760053528611,0.0]},"properties":{"category":"Hawker centre","name":"Bukit Panjang Hawker Centre","address":"2 Bukit Panjang Ring Road 679947"}},{"type":"Feature","geometry":{"type":"Point","coordinates":[103.775995008012,1.33937596351523,0.0]},"properties":{"category":"Hawker centre","name":"Bukit Timah Market","address":"51 Upper Bukit Timah Road 588215"}},{"type":"Feature","geometry":{"type":"Point","coordinates":[103.850225081031,1.31615991374589,0.0]},"properties":{"category":"Hawker centre","name":"Cambridge Road Blk 41A (Pek Kio Market and Food Centre)","address":"41A Cambridge Road 211041"}},{"type":"Feature","geometry":{"type":"Point","coordinates":[103.988245749103,1.38915172065006,0.0]},"properties":{"category":"Hawker centre","name":"Changi Village Blk 2 and 3","address":"2&3 Changi Village Road 500002"}},{"type":"Feature","geometry":{"type":"Point","coordinates":[103.866536130299,1.36422852315868,0.0]},"properties":{"category":"Hawker centre","name":"Chomp Chomp Food Centre","address":"20 Kensington Park Road 557269"}},{"type":"Feature","geometry":{"type":"Point","coordinates":[103.882977999397,1.37542896666561,0.0]},"properties":{"category":"Hawker centre","name":"Ci Yuan Hawker Centre","address":"51 Hougang Avenue 9 538776"}},{"type":"Feature","geometry":{"type":"Point","coordinates":[103.885043500019,1.32644992167231,0.0]},"properties":{"category":"Hawker centre","name":"Circuit Road Blk 79/79A","address":"79/79A Circuit Road 370079"}},{"type":"Feature","geometry":{"type":"Point","coordinates":[103.887128535137,1.32784956142548,0.0]},"properties":{"category":"Hawker centre","name":"Circuit Road Blk 80 (80 Circuit Road Market and Food Centre)","address":"80 Circuit Road 370080"}},{"type":"Feature","geometry":{"type":"Point","coordinates":[103.885449224256,1.32344525333847,0.0]},"properties":{"category":"Hawker centre","name":"Circuit Road Blk 89","address":"89 Circuit Road 370089"}},{"type":"Feature","geometry":{"type":"Point","coordinates":[103.770836740843,1.31436772839327,0.0]},"properties":{"category":"Hawker centre","name":"Clementi Ave 2 Blk 353 (Clementi Ave 2 Market/Cooked Food Centre)","address":"353 Clementi Ave 2 120353"}},{"type":"Feature","geometry":{"type":"Point","coordinates":[103.764510533078,1.31326486994113,0.0]},"properties":{"category":"Hawker centre","name":"Clementi Ave 3 Blk 448","address":"448 Clementi Ave 3 120448"}},{"type":"Feature","geometry":{"type":"Point","coordinates":[103.764264410293,1.3037819726711,0.0]},"properties":{"category":"Hawker centre","name":"Clementi West Street 2 Blk 726","address":"726 Clementi West Street 2 120726"}},{"type":"Feature","geometry":{"type":"Point","coordinates":[103.800362825517,1.3068922760844,0.0]},"properties":{"category":"Hawker centre","name":"Commonwealth Crescent Market","address":"31 Commonwealth Crescent 149644"}},{"type":"Feature","geometry":{"type":"Point","coordinates":[103.797875477439,1.29971330531884,0.0]},"properties":{"category":"Hawker centre","name":"Commonwealth Drive Blk 1A/2A/3A (Tanglin Halt Food Centre/Commonwealth Drive Food Centre)","address":"1A/2A/3A Commonwealth Drive 141001"}},{"type":"Feature","geometry":{"type":"Point","coordinates":[103.90182514721,1.30941418731185,0.0]},"properties":{"category":"Hawker centre","name":"Dunman Food Centre","address":"271 Onan Road 424768"}},{"type":"Feature","geometry":{"type":"Point","coordinates":[103.935016747249,1.30668431820832,0.0]},"properties":{"category":"Hawker centre","name":"East Coast Lagoon Food Village","address":"1220 East Coast Parkway 468960"}},{"type":"Feature","geometry":{"type":"Point","coordinates":[103.805636386821,1.31624573118373,0.0]},"properties":{"category":"Hawker centre","name":"Empress Road Blk 7 (Empress Road Market and Food Centre)","address":"7 Empress Road 260007"}},{"type":"Feature","geometry":{"type":"Point","coordinates":[103.870004415152,1.32146226027018,0.0]},"properties":{"category":"Hawker centre","name":"Geylang Bahru Blk 69 (Blk 69 Geylang Bahru Market and Food Centre)","address":"69 Geylang Bahru 330069"}},{"type":"Feature","geometry":{"type":"Point","coordinates":[103.898224315881,1.3167281476983,0.0]},"properties":{"category":"Hawker centre","name":"Geylang Serai Market","address":"Geylang Serai 402001"}},{"type":"Feature","geometry":{"type":"Point","coordinates":[103.788230657145,1.31099627311591,0.0]},"properties":{"category":"Hawker centre","name":"Ghim Moh Road Blk 20","address":"20 Ghim Moh Road 270020"}},{"type":"Feature","geometry":{"type":"Point","coordinates":[103.863883249985,1.30287548090781,0.0]},"properties":{"category":"Hawker centre","name":"Golden Mile Food Centre","address":"505 Beach Road 199583"}},{"type":"Feature","geometry":{"type":"Point","coordinates":[103.895609494855,1.3151420505272,0.0]},"properties":{"category":"Hawker centre","name":"Haig Road Blk 13/14 (Haig Road Market and Cooked Food Centre)","address":"13/14 Haig Road 430013"}},{"type":"Feature","geometry":{"type":"Point","coordinates":[103.829626834637,1.28797543998733,0.0]},"properties":{"category":"Hawker centre","name":"Havelock Road Blk 22A/B (Havelock Road Cooked Food Centre)","address":"22A/B Havelock Road 161022"}},{"type":"Feature","geometry":{"type":"Point","coordinates":[103.939726160039,1.35386211773287,0.0]},"properties":{"category":"Hawker centre","name":"Hawker Centre @ Our Tampines Hub","address":"1 Tampines Walk 528523"}},{"type":"Feature","geometry":{"type":"Point","coordinates":[103.837031803823,1.35200744198417,0.0]},"properties":{"category":"Hawker centre","name":"Shunfu Road Blk 320 (Shunfu Mart)","address":"320 Shunfu Road 570320"}},{"type":"Feature","geometry":{"type":"Point","coordinates":[103.879417030673,1.31708335109103,0.0]},"properties":{"category":"Hawker centre","name":"Sims Place Blk 49 (Sims Vista Market and Food Centre)","address":"49 Sims Place 380049"}},{"type":"Feature","geometry":{"type":"Point","coordinates":[103.843177616296,1.28223514826381,0.0]},"properties":{"category":"Hawker centre","name":"Smith Street Blk 335 (Chinatown Complex Market)","address":"335 Smith Street 50335"}},{"type":"Feature","geometry":{"type":"Point","coordinates":[103.721519868629,1.33458935951076,0.0]},"properties":{"category":"Hawker centre","name":"Taman Jurong Market and Food Centre","address":"3 Yung Sheng Road 618499"}},{"type":"Feature","geometry":{"type":"Point","coordinates":[103.944624481151,1.3456395210229,0.0]},"properties":{"category":"Hawker centre","name":"Tampines Street 11 Blk 137 (Tampines Round Market and Food Centre)","address":"137 Tampines Street 11 521137"}},{"type":"Feature","geometry":{"type":"Point","coordinates":[103.797625756738,1.30078931480841,0.0]},"properties":{"category":"Hawker centre","name":"Tanglin Halt Market","address":"48A Tanglin Halt Road 148813"}},{"type":"Feature","geometry":{"type":"Point","coordinates":[103.843166992138,1.27661461066321,0.0]},"properties":{"category":"Hawker centre","name":"Tanjong Pagar Plaza Blk 6 (Blk 6 Tanjong Pagar Plaza Market and Food Centre)","address":"6 Tanjong Pagar Plaza 81006"}},{"type":"Feature","geometry":{"type":"Point","coordinates":[103.742891623681,1.32084835041654,0.0]},"properties":{"category":"Hawker centre","name":"Teban Gardens Road Blk 37A (Teban Gardens Market and Food Centre)","address":"37A Teban Gardens Road 601037"}},{"type":"Feature","geometry":{"type":"Point","coordinates":[103.818641695106,1.27736683810318,0.0]},"properties":{"category":"Hawker centre","name":"Telok Blangah Crescent Blk 11 (11 Telok Blangah Crescent Market and Food Centre)","address":"11 Telok Blangah Crescent 90011"}},{"type":"Feature","geometry":{"type":"Point","coordinates":[103.904260878989,1.32033178221424,0.0]},"properties":{"category":"Hawker centre","name":"Eunos Crescent Blk 4A","address":"4A Eunos Crescent 402004"}},{"type":"Feature","geometry":{"type":"Point","coordinates":[103.807626838954,1.27336828250285,0.0]},"properties":{"category":"Hawker centre","name":"Telok Blangah Drive Blk 79 (Telok Blangah Food Centre)","address":"79 Telok Blangah Drive 100079"}},{"type":"Feature","geometry":{"type":"Point","coordinates":[103.831189303546,1.29234216757957,0.0]},"properties":{"category":"Hawker centre","name":"Zion Riverside Food Centre","address":"70 Zion Road 247792"}},{"type":"Feature","geometry":{"type":"Point","coordinates":[103.872090241567,1.3397961360031,0.0]},"properties":{"category":"Hawker centre","name":"Woodleigh Village Hawker Centre","address":"202C Woodleigh Link 363202"}},{"type":"Feature","geometry":{"type":"Point","coordinates":[103.888489618777,1.39691417603694,0.0]},"properties":{"category":"Hawker centre","name":"Anchorvale Village Hawker Centre","address":"339 Anchorvale Road 540339"}},{"type":"Feature","geometry":{"type":"Point","coordinates":[103.908252830309,1.41456688638677,0.0]},"properties":{"category":"Hawker centre","name":"Punggol Digital District Hawker Centre","address":"Ponggol Seventeenth Avenue"}},{"type":"Feature","geometry":{"type":"Point","coordinates":[103.792773765463,1.30811775909823,0.0]},"properties":{"category":"Hawker centre","name":"Holland Drive Blk 44 (Holland Drive Market and Food Centre)","address":"44 Holland Drive 270044"}},{"type":"Feature","geometry":{"type":"Point","coordinates":[103.794862936127,1.31090802808558,0.0]},"properties":{"category":"Hawker centre","name":"Holland Village Market and Food Centre","address":"1 Lorong Mambong 277700"}},{"type":"Feature","geometry":{"type":"Point","coordinates":[103.890081064953,1.35383739101169,0.0]},"properties":{"category":"Hawker centre","name":"Hougang Ave 1 Blk 105 (Hougang 105 Hainanese Village Centre)","address":"105 Hougang Ave 1 530105"}},{"type":"Feature","geometry":{"type":"Point","coordinates":[103.885977616903,1.35911942212642,0.0]},"properties":{"category":"Hawker centre","name":"Hougang Street 21 Blk 209 (Kovan Hougang Market and Food Centre)","address":"209 Hougang Street 21 530209"}},{"type":"Feature","geometry":{"type":"Point","coordinates":[103.88394058022,1.30241881353449,0.0]},"properties":{"category":"Hawker centre","name":"Jalan Batu Blk 4A (Blk 4A Jalan Batu Hawker Centre/Market)","address":"4A Jalan Batu 432004"}},{"type":"Feature","geometry":{"type":"Point","coordinates":[103.826013285715,1.28000481198881,0.0]},"properties":{"category":"Hawker centre","name":"Jalan Bukit Merah Blk 112 (Blk 112 Jalan Bukit Merah Market and Food Centre)","address":"112 Jalan Bukit Merah 160112"}},{"type":"Feature","geometry":{"type":"Point","coordinates":[103.808127999318,1.28695275198944,0.0]},"properties":{"category":"Hawker centre","name":"Jalan Bukit Merah Blk 6 (ABC Brickworks Market/Food Centre)","address":"6 Jalan Bukit Merah 150006"}},{"type":"Feature","geometry":{"type":"Point","coordinates":[103.839945947186,1.28823055540002,0.0]},"properties":{"category":"Hawker centre","name":"Jalan Kukoh Blk 1 (Kukoh 21 Food Centre)","address":"1 Jalan Kukoh 161001"}},{"type":"Feature","geometry":{"type":"Point","coordinates":[103.731579747132,1.34531247026793,0.0]},"properties":{"category":"Hawker centre","name":"Jurong East Ave 1 Blk 347 (Yuhua Market and Hawker Centre)","address":"347 Jurong East Ave 1 600347"}},{"type":"Feature","geometry":{"type":"Point","coordinates":[103.737781231485,1.34344213770991,0.0]},"properties":{"category":"Hawker centre","name":"Jurong East Street 24 Blk 254 (Yuhua Village Market and Food Centre)","address":"254 Jurong East Street 24 600254"}},{"type":"Feature","geometry":{"type":"Point","coordinates":[103.697404254467,1.3412597060095,0.0]},"properties":{"category":"Hawker centre","name":"Jurong West Hawker Centre","address":"50 Jurong West Street 61 648202"}},{"type":"Feature","geometry":{"type":"Point","coordinates":[103.71844754363,1.34964224318434,0.0]},"properties":{"category":"Hawker centre","name":"Jurong West Street 52 Blk 505","address":"505 Jurong West Street 52 640505"}},{"type":"Feature","geometry":{"type":"Point","coordinates":[103.884130183315,1.30739616009942,0.0]},"properties":{"category":"Hawker centre","name":"Kallang Estate Fresh Market and Food Centre","address":"17 Old Airport Road 397972"}},{"type":"Feature","geometry":{"type":"Point","coordinates":[103.818338919994,1.28733076703987,0.0]},"properties":{"category":"Hawker centre","name":"Redhill Lane Blk 85 (Redhill Food Centre)","address":"85 Redhill Lane 150085"}},{"type":"Feature","geometry":{"type":"Point","coordinates":[103.800696448529,1.43993283228134,0.0]},"properties":{"category":"Hawker centre","name":"Kampung Admiralty Hawker Centre","address":"676 Woodlands Drive 71 730676"}},{"type":"Feature","geometry":{"type":"Point","coordinates":[103.906338526157,1.30228513841822,0.0]},"properties":{"category":"Hawker centre","name":"Marine Parade Central Blk 84 (84 Marine Parade Central Market and Food Centre)","address":"84 Marine Parade Central 440084"}},{"type":"Feature","geometry":{"type":"Point","coordinates":[103.915761950557,1.30577514781108,0.0]},"properties":{"category":"Hawker centre","name":"Marine Terrace Blk 50A (50A Marine Terrace)","address":"50A Marine Terrace 441050"}},{"type":"Feature","geometry":{"type":"Point","coordinates":[103.777203165702,1.44388181695611,0.0]},"properties":{"category":"Hawker centre","name":"Marsiling Lane Blk 20/21","address":"20/21 Marsiling Lane 730020"}},{"type":"Feature","geometry":{"type":"Point","coordinates":[103.844827863123,1.28011223513205,0.0]},"properties":{"category":"Hawker centre","name":"Maxwell Food Centre (Kim Hua Market)","address":"1 Kadayanallur Street 69184"}},{"type":"Feature","geometry":{"type":"Point","coordinates":[103.802903901116,1.29323622090658,0.0]},"properties":{"category":"Hawker centre","name":"Mei Chin Road Blk 159 (Mei Chin Road Market)","address":"159 Mei Chin Road 140159"}},{"type":"Feature","geometry":{"type":"Point","coordinates":[103.842578750107,1.28499102169498,0.0]},"properties":{"category":"Hawker centre","name":"New Market Road Blk 32 (People's Park Food Centre)","address":"32 New Market Road 50032"}},{"type":"Feature","geometry":{"type":"Point","coordinates":[103.93056047823,1.32473884451035,0.0]},"properties":{"category":"Hawker centre","name":"New Upper Changi Road Blk 208B","address":"208B New Upper Changi Road 462208"}},{"type":"Feature","geometry":{"type":"Point","coordinates":[103.941132372619,1.32418782817919,0.0]},"properties":{"category":"Hawker centre","name":"New Upper Changi Road Blk 58","address":"58 New Upper Changi Road 461058"}},{"type":"Feature","geometry":{"type":"Point","coordinates":[103.839562687644,1.31189235691653,0.0]},"properties":{"category":"Hawker centre","name":"Newton Food Centre","address":"500 Clemenceau Ave North 229495"}},{"type":"Feature","geometry":{"type":"Point","coordinates":[103.863891012338,1.30576537802761,0.0]},"properties":{"category":"Hawker centre","name":"North Bridge Road Market","address":"861 North Bridge Road 198783"}},{"type":"Feature","geometry":{"type":"Point","coordinates":[103.885833217727,1.30825156309798,0.0]},"properties":{"category":"Hawker centre","name":"Old Airport Road Blk 51 (51 Old Airport Road Food Centre and Shopping Mall)","address":"51 Old Airport Road 390051"}},{"type":"Feature","geometry":{"type":"Point","coordinates":[103.791402660553,1.27590752450201,0.0]},"properties":{"category":"Hawker centre","name":"Pasir Panjang Food Centre","address":"121 Pasir Panjang Road 118543"}},{"type":"Feature","geometry":{"type":"Point","coordinates":[103.951543034782,1.37343413973246,0.0]},"properties":{"category":"Hawker centre","name":"Pasir Ris Central Hawker Centre","address":"110 Pasir Ris Central 519641"}},{"type":"Feature","geometry":{"type":"Point","coordinates":[103.854211645499,1.30100146521405,0.0]},"properties":{"category":"Hawker centre","name":"Queen Street Blk 270 (Albert Centre)","address":"270 Queen Street 180270"}},{"type":"Feature","geometry":{"type":"Point","coordinates":[103.818402623449,1.2878581025663,0.0]},"properties":{"category":"Hawker centre","name":"Redhill Lane Blk 79 (Redhill Market)","address":"79 Redhill Lane 150079"}},{"type":"Feature","geometry":{"type":"Point","coordinates":[103.828994204342,1.37238494002145,0.0]},"properties":{"category":"Hawker centre","name":"Sembawang Hills Food Centre (Jalan Leban Food Centre)","address":"590 Upper Thomson Road 574419"}},{"type":"Feature","geometry":{"type":"Point","coordinates":[103.866737484646,1.3631571201113,0.0]},"properties":{"category":"Hawker centre","name":"Serangoon Garden Market","address":"49A Serangoon Garden Way 555945"}},{"type":"Feature","geometry":{"type":"Point","coordinates":[103.807943567416,1.27391379857001,0.0]},"properties":{"category":"Hawker centre","name":"Telok Blangah Drive Blk 82 (Telok Blangah Market)","address":"82 Telok Blangah Drive 100082"}},{"type":"Feature","geometry":{"type":"Point","coordinates":[103.82211725658,1.27271579716508,0.0]},"properties":{"category":"Hawker centre","name":"Telok Blangah Rise Blk 36 (Telok Blangah Rise Market)","address":"36 Telok Blangah Rise 90036"}},{"type":"Feature","geometry":{"type":"Point","coordinates":[103.832348785334,1.28508825756819,0.0]},"properties":{"category":"Hawker centre","name":"Tiong Bahru Market","address":"30 Seng Poh Road 168898"}},{"type":"Feature","geometry":{"type":"Point","coordinates":[103.84473162196,1.33809268551386,0.0]},"properties":{"category":"Hawker centre","name":"Toa Payoh Lorong 1 Blk 127 (Toa Payoh West Market and Food Court)","address":"127 Lorong 1 Toa Payoh 310127"}},{"type":"Feature","geometry":{"type":"Point","coordinates":[103.851999137527,1.33454816495637,0.0]},"properties":{"category":"Hawker centre","name":"Toa Payoh Lorong 4 Blk 74 (Toa Payoh Vista Market)","address":"74 Lorong 4 Toa Payoh 310074"}},{"type":"Feature","geometry":{"type":"Point","coordinates":[103.849513484035,1.3384747524617,0.0]},"properties":{"category":"Hawker centre","name":"Toa Payoh Lorong 4 Blk 93","address":"93 Lorong 4 Toa Payoh 310093"}},{"type":"Feature","geometry":{"type":"Point","coordinates":[103.852941556275,1.33603882157063,0.0]},"properties":{"category":"Hawker centre","name":"Toa Payoh Lorong 5 Blk 75","address":"75 Lorong 5 Toa Payoh 310075"}},{"type":"Feature","geometry":{"type":"Point","coordinates":[103.857036007166,1.33523145909678,0.0]},"properties":{"category":"Hawker centre","name":"Toa Payoh Lorong 7 Blk 22 (Kim Keat Palm Market and Food Centre)","address":"22 Lorong 7 Toa Payoh 310022"}},{"type":"Feature","geometry":{"type":"Point","coordinates":[103.854395279214,1.3402608349586,0.0]},"properties":{"category":"Hawker centre","name":"Toa Payoh Lorong 8 Blk 210","address":"210 Lorong 8 Toa Payoh 310210"}},{"type":"Feature","geometry":{"type":"Point","coordinates":[103.871620273635,1.31502804429519,0.0]},"properties":{"category":"Hawker centre","name":"Upper Boon Keng Road Blk 17 (Blk 17 Upper Boon Keng Market and Food Centre)","address":"17 Upper Boon Keng Road 380017"}},{"type":"Feature","geometry":{"type":"Point","coordinates":[103.845818885585,1.28524640047048,0.0]},"properties":{"category":"Hawker centre","name":"Upper Cross Street Blk 531A (Hong Lim Food Centre and Market)","address":"531A Upper Cross Street 51531"}},{"type":"Feature","geometry":{"type":"Point","coordinates":[103.759166093858,1.31188972115897,0.0]},"properties":{"category":"Hawker centre","name":"West Coast Drive Blk 502 (Ayer Rajah Market)","address":"502 West Coast Drive 120502"}},{"type":"Feature","geometry":{"type":"Point","coordinates":[103.759751321019,1.31180301004196,0.0]},"properties":{"category":"Hawker centre","name":"West Coast Drive Blk 503 (Ayer Rajah Food Centre)","address":"503 West Coast Drive 120503"}},{"type":"Feature","geometry":{"type":"Point","coordinates":[103.855137696535,1.32294306204189,0.0]},"properties":{"category":"Hawker centre","name":"Whampoa Drive Blk 90 (Whampoa Drive Makan Place/Whampoa Food Centre)","address":"90 Whampoa Drive 320090"}},{"type":"Feature","geometry":{"type":"Point","coordinates":[103.85406806286,1.32342175143826,0.0]},"properties":{"category":"Hawker centre","name":"Whampoa Drive Blk 91/92 (Whampoa Drive Makan Place/Whampoa Market)","address":"91/92 Whampoa Drive 320091"}},{"type":"Feature","geometry":{"type":"Point","coordinates":[103.844747581861,1.42501763803265,0.0]},"properties":{"category":"Hawker centre","name":"Yishun Park Hawker Centre","address":"51 Yishun Avenue 11 768867"}},{"type":"Feature","geometry":{"type":"Point","coordinates":[103.828537609942,1.43144768831222,0.0]},"properties":{"category":"Hawker centre","name":"Yishun Ring Road Blk 104/105 (Chong Pang Market and Food Centre)","address":"104/105 Yishun Ring Road 760104"}}]}