{
"type": "FeatureCollection",
"name": "500m_service_Area",
"crs": { "type": "name", "properties": { "name": "urn:ogc:def:crs:OGC:1.3:CRS84" } },
"features": [
{ "type": "Feature", "properties": { "area": 7115603.3790932484, "ID": 1 }, "geometry": { "type": "Polygon", "coordinates": [ [ [ 103.900369457116852, 1.301824237745597 ], [ 103.899139424591368, 1.302316953692275 ], [ 103.898470671956773, 1.301082895078769 ], [ 103.897666761089397, 1.299668675866525 ], [ 103.893580270465591, 1.301736057494732 ], [ 103.893280857254823, 1.301915973276726 ], [ 103.892624241075922, 1.302791982548656 ], [ 103.892336365298632, 1.303254387333054 ], [ 103.891898065389029, 1.303646195193218 ], [ 103.892232818525301, 1.304547979623219 ], [ 103.892795374771865, 1.305233208349677 ], [ 103.892834725053575, 1.307144047598336 ], [ 103.893474476377662, 1.308383583154025 ], [ 103.8943172882949, 1.309828743325641 ], [ 103.896221665250977, 1.309155146256746 ], [ 103.898958112122259, 1.306256849501872 ], [ 103.899166221530052, 1.306154821173602 ], [ 103.89937633896858, 1.305664739396638 ], [ 103.8992263795772, 1.304668978732921 ], [ 103.899272266588525, 1.303694805124588 ], [ 103.899735689519233, 1.304854731365249 ], [ 103.901529794159828, 1.306626712650438 ], [ 103.901223893700731, 1.306677985411778 ], [ 103.900169655219074, 1.30756056092297 ], [ 103.89764977767372, 1.309512340568146 ], [ 103.897901412072073, 1.310011084383548 ], [ 103.897443877054044, 1.310085297030849 ], [ 103.895750595237061, 1.310866551997978 ], [ 103.895872289185263, 1.311387979617306 ], [ 103.895430883180452, 1.311619285297256 ], [ 103.89468218394812, 1.310652033214839 ], [ 103.894246318926932, 1.310163432302343 ], [ 103.891159793820748, 1.31219288618885 ], [ 103.891038935267105, 1.312283282165307 ], [ 103.890974188480484, 1.312549997573874 ], [ 103.890701896308144, 1.312204153308877 ], [ 103.890242370785401, 1.312112489382881 ], [ 103.889972278404983, 1.312058622175792 ], [ 103.888712023073566, 1.311807283343251 ], [ 103.88695518745979, 1.311457955466615 ], [ 103.886658804374505, 1.310958814810149 ], [ 103.890324148433322, 1.308709547537691 ], [ 103.888175302699821, 1.306962605049413 ], [ 103.88763535825646, 1.306771714167146 ], [ 103.883558097009569, 1.304809181561568 ], [ 103.885977324220107, 1.305187446555376 ], [ 103.888270013372278, 1.303294795662848 ], [ 103.888978853828689, 1.302503905997918 ], [ 103.888095548129243, 1.300693654563129 ], [ 103.885344437594512, 1.298303100900652 ], [ 103.882620044081875, 1.300667733068039 ], [ 103.881631315098119, 1.301652726322747 ], [ 103.883488557031612, 1.304791064763083 ], [ 103.880231348854693, 1.305139612668566 ], [ 103.880301666843309, 1.307125270347084 ], [ 103.882003188880219, 1.307899744848308 ], [ 103.882306119148893, 1.309748180201642 ], [ 103.882294410840544, 1.309756956745481 ], [ 103.881538610935365, 1.309729326707304 ], [ 103.880352838545846, 1.308116113998977 ], [ 103.878740782712285, 1.309009789695597 ], [ 103.877223559393968, 1.308349095537798 ], [ 103.876794755526646, 1.308532793600664 ], [ 103.874766571231376, 1.309922859590632 ], [ 103.874381740020368, 1.309405985788322 ], [ 103.872633596239041, 1.308765130186167 ], [ 103.868981216429049, 1.310089269651427 ], [ 103.869317650126121, 1.311607952459134 ], [ 103.866872005195674, 1.313386425676138 ], [ 103.866806387009731, 1.313436060665021 ], [ 103.866759305602088, 1.313473925773099 ], [ 103.868041947874787, 1.314553080970757 ], [ 103.870327242958197, 1.315705582281307 ], [ 103.872510540324782, 1.31774636207117 ], [ 103.866816607723138, 1.318209824212644 ], [ 103.868141395809843, 1.321448346419852 ], [ 103.867832946887134, 1.324653739549623 ], [ 103.868038525576523, 1.325228105229507 ], [ 103.873192272027879, 1.323203494158786 ], [ 103.874490094150374, 1.322902436594569 ], [ 103.874208272380173, 1.321638363304936 ], [ 103.873133100420375, 1.3180852022803 ], [ 103.873027260689156, 1.317894238344242 ], [ 103.873396809657066, 1.317690249131933 ], [ 103.873972815317686, 1.317362228749172 ], [ 103.874335878154341, 1.315193652739396 ], [ 103.875100922507997, 1.314809973424755 ], [ 103.876967846320639, 1.316190795618373 ], [ 103.877049662650933, 1.318853657525597 ], [ 103.87711348936304, 1.318868110111365 ], [ 103.877317471129999, 1.318872297128488 ], [ 103.877586842737585, 1.318865913235084 ], [ 103.877671318956814, 1.31886391120966 ], [ 103.882806595108846, 1.31857408146276 ], [ 103.882313415099603, 1.316066671023919 ], [ 103.882656697940959, 1.316224206168542 ], [ 103.883265081844755, 1.316332611713995 ], [ 103.883663218326959, 1.316395873719345 ], [ 103.884869917336118, 1.316193333564681 ], [ 103.885021277190148, 1.316348519502233 ], [ 103.888400085684481, 1.317449634945196 ], [ 103.887128906701278, 1.317480413964476 ], [ 103.885424648145886, 1.317240144249723 ], [ 103.884223129532074, 1.318571526237825 ], [ 103.88566177368395, 1.320607379093812 ], [ 103.888625652375296, 1.321790088873986 ], [ 103.888625652384889, 1.321790088874565 ], [ 103.890232764632529, 1.321887165529252 ], [ 103.890246580247819, 1.321877641903398 ], [ 103.890277981019238, 1.321855996163491 ], [ 103.890865821660043, 1.322785481534835 ], [ 103.88235349492264, 1.321173601802986 ], [ 103.882539037542273, 1.321258373699411 ], [ 103.882727651837115, 1.321335975718136 ], [ 103.883538088708178, 1.321669415425711 ], [ 103.884280207395463, 1.321963071245061 ], [ 103.884729978054665, 1.322107901593415 ], [ 103.885049597689161, 1.32218374147307 ], [ 103.885117972139483, 1.322196563678649 ], [ 103.88528494204634, 1.322224680245776 ], [ 103.890935677814909, 1.323064983422851 ], [ 103.891085644823832, 1.322965119702647 ], [ 103.891033366745233, 1.322884691886215 ], [ 103.893219126142611, 1.32144492829908 ], [ 103.895728124077763, 1.322665902138659 ], [ 103.895901166551255, 1.322552705520691 ], [ 103.897217038583776, 1.321665017361014 ], [ 103.898401190373647, 1.320848729856274 ], [ 103.898969814959813, 1.320406696691542 ], [ 103.89805314935245, 1.319038776125083 ], [ 103.89944595803631, 1.31867368546366 ], [ 103.900917285689772, 1.318398015570822 ], [ 103.901168392531304, 1.318224676947868 ], [ 103.901644681328179, 1.31850648378686 ], [ 103.901606326808746, 1.3185351202697 ], [ 103.902175774947409, 1.321414931631863 ], [ 103.902252258094805, 1.321448772387146 ], [ 103.902802612121931, 1.321513433304272 ], [ 103.903074119870681, 1.321545332615368 ], [ 103.903074119870695, 1.321545332615369 ], [ 103.907949735495606, 1.322059632342808 ], [ 103.908473740750338, 1.321752261876239 ], [ 103.90854573631772, 1.321429865504281 ], [ 103.90860933903916, 1.32110568616218 ], [ 103.9083178704727, 1.319816170462223 ], [ 103.907461670979728, 1.318558642501624 ], [ 103.907982591464616, 1.318115428228567 ], [ 103.90663705185284, 1.315428513358129 ], [ 103.906165029229896, 1.31455571352729 ], [ 103.90260118658918, 1.314660634757247 ], [ 103.902420892951909, 1.314227079419565 ], [ 103.903457164671735, 1.312791331386337 ], [ 103.905513452379324, 1.312455482784441 ], [ 103.905356658803498, 1.309705760684697 ], [ 103.90520564275468, 1.30867542293657 ], [ 103.907296532474646, 1.308310734072573 ], [ 103.908198530706329, 1.308078720646268 ], [ 103.908585063005773, 1.304858987518774 ], [ 103.907666444819995, 1.302082509078111 ], [ 103.907653316696937, 1.302048189496142 ], [ 103.907633203758593, 1.302016819999336 ], [ 103.906869099735701, 1.301155012026481 ], [ 103.906521985743069, 1.301477260262764 ], [ 103.906116007673148, 1.301181281568022 ], [ 103.906116007673106, 1.301181281567982 ], [ 103.90611600767302, 1.301181281567972 ], [ 103.902201630458052, 1.300626141221461 ], [ 103.903206708096363, 1.301935423753579 ], [ 103.901180812092889, 1.301499922185901 ], [ 103.900369457116852, 1.301824237745597 ] ], [ [ 103.884683426369378, 1.310101420748595 ], [ 103.884824659886675, 1.310294478819092 ], [ 103.884601046790166, 1.310330974796144 ], [ 103.884376552214604, 1.310207237455434 ], [ 103.884683426369378, 1.310101420748595 ] ], [ [ 103.889326135097377, 1.316916313678985 ], [ 103.88906543756336, 1.317857268695536 ], [ 103.888788032843209, 1.317538588946082 ], [ 103.889326135097377, 1.316916313678985 ] ] ] } },
{ "type": "Feature", "properties": { "area": 186950.7867157771, "ID": 2 }, "geometry": { "type": "Polygon", "coordinates": [ [ [ 103.912816779590855, 1.307723439659646 ], [ 103.916281185972139, 1.307347123115796 ], [ 103.91742962386509, 1.307332842916613 ], [ 103.916964019658337, 1.30487643513518 ], [ 103.916937821609082, 1.304853143543565 ], [ 103.916916458633523, 1.304834150613534 ], [ 103.913119311337795, 1.304233720522703 ], [ 103.913007637624801, 1.304247879539908 ], [ 103.912026266751027, 1.304372306517247 ], [ 103.912026266751027, 1.304372306517247 ], [ 103.911888730282485, 1.304389744589421 ], [ 103.91188852455214, 1.304549085749616 ], [ 103.91197218754229, 1.306035778253119 ], [ 103.912816779590855, 1.307723439659646 ] ] ] } },
{ "type": "Feature", "properties": { "area": 43524.254837607499, "ID": 3 }, "geometry": { "type": "Polygon", "coordinates": [ [ [ 103.875909966614017, 1.300393342403173 ], [ 103.875489034034203, 1.301288335023728 ], [ 103.875036445286725, 1.302272323308014 ], [ 103.877200776469351, 1.302080861017652 ], [ 103.878205810604172, 1.301249393316813 ], [ 103.876123299202206, 1.300300500415956 ], [ 103.875909966614017, 1.300393342403173 ] ] ] } },
{ "type": "Feature", "properties": { "area": 435682.90331769513, "ID": 4 }, "geometry": { "type": "Polygon", "coordinates": [ [ [ 103.909184541305891, 1.316176571845357 ], [ 103.911019328814533, 1.315245374800078 ], [ 103.912229438834274, 1.314626795624499 ], [ 103.914180980747545, 1.313600452497339 ], [ 103.915218239717035, 1.312659455015295 ], [ 103.914570787706921, 1.311395658950091 ], [ 103.913420906598347, 1.309190676620142 ], [ 103.912734196271757, 1.307914212813231 ], [ 103.911124997057939, 1.308730195711068 ], [ 103.909765262123784, 1.309422221682872 ], [ 103.908453521068338, 1.310121861900928 ], [ 103.908418305031219, 1.314668984533884 ], [ 103.909051045872829, 1.315935269030722 ], [ 103.909184541305891, 1.316176571845357 ] ] ] } },
{ "type": "Feature", "properties": { "area": 213574.06920616329, "ID": 5 }, "geometry": { "type": "Polygon", "coordinates": [ [ [ 103.938749164739463, 1.310126262809286 ], [ 103.930091217074335, 1.307708524039308 ], [ 103.93401158083995, 1.312812408491367 ], [ 103.938749164739463, 1.310126262809286 ] ] ] } },
{ "type": "Feature", "properties": { "area": 155276.48139788024, "ID": 6 }, "geometry": { "type": "Polygon", "coordinates": [ [ [ 103.939162577352235, 1.314700258696075 ], [ 103.936663972027944, 1.312801895044641 ], [ 103.935349988611534, 1.312752392604475 ], [ 103.933533873811356, 1.314103255692974 ], [ 103.934570490016881, 1.315790544328045 ], [ 103.935107276100936, 1.316355400368562 ], [ 103.937543626515065, 1.315883793385321 ], [ 103.939162577352235, 1.314700258696075 ] ] ] } },
{ "type": "Feature", "properties": { "area": 35274.60530368425, "ID": 7 }, "geometry": { "type": "Polygon", "coordinates": [ [ [ 104.010102652538848, 1.316080630098451 ], [ 104.013171439285784, 1.317059762882993 ], [ 104.0051935787519, 1.313080440658686 ], [ 104.008072182183327, 1.315059005663923 ], [ 104.00866697349322, 1.315461478499635 ], [ 104.008928315434488, 1.315588437148725 ], [ 104.00926175697056, 1.3157504213697 ], [ 104.010102652538848, 1.316080630098451 ] ] ] } },
{ "type": "Feature", "properties": { "area": 50679.695525242016, "ID": 8 }, "geometry": { "type": "Polygon", "coordinates": [ [ [ 103.989677532941499, 1.315966468331756 ], [ 103.988941170457153, 1.315330741448005 ], [ 103.981446119676775, 1.319583646401696 ], [ 103.982654573148338, 1.319093934942164 ], [ 103.989677532941499, 1.315966468331756 ] ] ] } },
{ "type": "Feature", "properties": { "area": 825124.18929421972, "ID": 9 }, "geometry": { "type": "Polygon", "coordinates": [ [ [ 103.927413543044437, 1.313345069188857 ], [ 103.927949551336482, 1.313104273194817 ], [ 103.927586392601327, 1.312592162764051 ], [ 103.926712021550969, 1.310344476453897 ], [ 103.928041484555735, 1.309422278091544 ], [ 103.926374382305696, 1.306978413814927 ], [ 103.920701826925537, 1.306699876231531 ], [ 103.919254288388657, 1.307639400090045 ], [ 103.923177675775108, 1.309816984677947 ], [ 103.9224024055884, 1.310038883538601 ], [ 103.921493383870811, 1.310430088818235 ], [ 103.922579998943519, 1.31573660609802 ], [ 103.922686321092428, 1.315756596759833 ], [ 103.924885901620712, 1.318626387311198 ], [ 103.925890283566559, 1.318598718753056 ], [ 103.92761052378107, 1.317961318245666 ], [ 103.928488229813439, 1.317606390022572 ], [ 103.929770763006644, 1.316846384986051 ], [ 103.928380956276058, 1.313788146564405 ], [ 103.927383315278931, 1.313368036368071 ], [ 103.927413543044437, 1.313345069188857 ] ] ] } },
{ "type": "Feature", "properties": { "area": 2314753.4620500812, "ID": 10 }, "geometry": { "type": "Polygon", "coordinates": [ [ [ 103.919985257940127, 1.321504728620598 ], [ 103.921572194219507, 1.32367707987256 ], [ 103.923296184746349, 1.326542701960062 ], [ 103.924492682594931, 1.327919867925818 ], [ 103.924719614641006, 1.3272003080605 ], [ 103.925527266603993, 1.325431988345116 ], [ 103.9271097176768, 1.324904069676596 ], [ 103.927432330765896, 1.324656945802713 ], [ 103.931720542971149, 1.325413644790902 ], [ 103.933086837692642, 1.326415961983753 ], [ 103.931185152163607, 1.327355830934657 ], [ 103.930922050739554, 1.328703276100591 ], [ 103.928633557195639, 1.330190504114539 ], [ 103.928007214482079, 1.330930705118958 ], [ 103.927967917479478, 1.330866625551527 ], [ 103.928126947753114, 1.330060633589216 ], [ 103.926719454739953, 1.327948184971973 ], [ 103.924862835373759, 1.329281282651963 ], [ 103.923703204875281, 1.330812375521564 ], [ 103.923693486070562, 1.330831346592872 ], [ 103.923662737715546, 1.330891367267377 ], [ 103.923614271621304, 1.33114592238216 ], [ 103.923399539187969, 1.332273746160137 ], [ 103.923416846950488, 1.332371388479072 ], [ 103.923463811958442, 1.332407172803247 ], [ 103.92348359282613, 1.332420754615953 ], [ 103.923518604002965, 1.332444793765204 ], [ 103.924072766033987, 1.332608159272261 ], [ 103.924215795404876, 1.332643167676308 ], [ 103.924389088641959, 1.332685583564761 ], [ 103.924389088641959, 1.332685583564763 ], [ 103.929283603126336, 1.333751735112499 ], [ 103.929920868429306, 1.333907392488061 ], [ 103.931421538447054, 1.334198353946165 ], [ 103.931421538447054, 1.334198353946162 ], [ 103.931421538447069, 1.334198353946165 ], [ 103.931421538447083, 1.334198353946047 ], [ 103.932456141087172, 1.33108156398846 ], [ 103.931735965976657, 1.329965083063896 ], [ 103.933600614906339, 1.330344251494129 ], [ 103.932466032317777, 1.331083882817039 ], [ 103.933936963580791, 1.333368510954016 ], [ 103.94000160103883, 1.333701073905548 ], [ 103.941142183267203, 1.333989729196634 ], [ 103.941297171665482, 1.334026239690809 ], [ 103.94005806730695, 1.329674168922711 ], [ 103.940067664285309, 1.329223875609979 ], [ 103.941719042552677, 1.328431125221836 ], [ 103.943743297677713, 1.327849756611013 ], [ 103.94553754031115, 1.326905909388774 ], [ 103.944458401027745, 1.324914666725226 ], [ 103.940813459667197, 1.324743751599113 ], [ 103.937174385076247, 1.324164898938209 ], [ 103.93644251490845, 1.324735638268524 ], [ 103.938982017280537, 1.328294619812788 ], [ 103.93721174857059, 1.329463259753898 ], [ 103.935177178283311, 1.329617053810189 ], [ 103.935400593482939, 1.326690750968477 ], [ 103.936090611947037, 1.324687985332794 ], [ 103.935160793917419, 1.32401004272187 ], [ 103.933055794522673, 1.321141197252459 ], [ 103.934944346159099, 1.321516030289192 ], [ 103.937343330712267, 1.322761387445076 ], [ 103.940184580183214, 1.320564607832187 ], [ 103.937963542918752, 1.319605635469256 ], [ 103.933144297631898, 1.316728670447948 ], [ 103.930697962190649, 1.318466016506946 ], [ 103.932119559061917, 1.320598837776762 ], [ 103.92996251128541, 1.321666161885621 ], [ 103.927733882600975, 1.322374158039447 ], [ 103.92757597075709, 1.322149768416581 ], [ 103.919985257940127, 1.321504728620598 ] ] ] } },
{ "type": "Feature", "properties": { "area": 163889.53282220103, "ID": 11 }, "geometry": { "type": "Polygon", "coordinates": [ [ [ 103.911465376533343, 1.321855179180615 ], [ 103.911333423444646, 1.320990970655903 ], [ 103.910542935627404, 1.320026418366887 ], [ 103.910274430479845, 1.320207721006324 ], [ 103.907945110964292, 1.325781025813223 ], [ 103.90828429876909, 1.326289350289546 ], [ 103.910992605893497, 1.326231744459651 ], [ 103.911465376533343, 1.321855179180615 ] ] ] } },
{ "type": "Feature", "properties": { "area": 500858.13531589089, "ID": 12 }, "geometry": { "type": "Polygon", "coordinates": [ [ [ 103.952606087214249, 1.320748028135895 ], [ 103.952102564652961, 1.322454456934067 ], [ 103.95224840666927, 1.323381627980033 ], [ 103.952491749888623, 1.324878029237729 ], [ 103.955870737711038, 1.324553887914233 ], [ 103.956568765531713, 1.324106756052981 ], [ 103.957316563586332, 1.323182100396633 ], [ 103.959570243635795, 1.32185020075435 ], [ 103.955680903482019, 1.316181438573386 ], [ 103.952326457081298, 1.31844823370853 ], [ 103.952606087214249, 1.320748028135895 ] ] ] } },
{ "type": "Feature", "properties": { "area": 345293.90469772276, "ID": 13 }, "geometry": { "type": "Polygon", "coordinates": [ [ [ 103.940977790668313, 1.32064584905517 ], [ 103.944309845367243, 1.324028434318914 ], [ 103.946906367906294, 1.320608925771504 ], [ 103.946908249756433, 1.320606316267285 ], [ 103.946498251966403, 1.316726851340969 ], [ 103.944314408314739, 1.31593988502217 ], [ 103.940977790668313, 1.32064584905517 ] ] ] } },
{ "type": "Feature", "properties": { "area": 281258.43186757236, "ID": 14 }, "geometry": { "type": "Polygon", "coordinates": [ [ [ 103.885175570660351, 1.325939978446498 ], [ 103.885175570660351, 1.325939978446499 ], [ 103.885369357455119, 1.327303990617625 ], [ 103.885373028805915, 1.32732954007448 ], [ 103.885376834853233, 1.327356026903249 ], [ 103.885383645019715, 1.327403364505026 ], [ 103.885391153488385, 1.327455427218583 ], [ 103.885391648938182, 1.327458862600851 ], [ 103.885402902277605, 1.327535570047462 ], [ 103.885508723443735, 1.328256890904648 ], [ 103.885568397583867, 1.328462703252764 ], [ 103.885589388288366, 1.328516540600012 ], [ 103.885662503619542, 1.328634000519967 ], [ 103.885753309162084, 1.328740225974084 ], [ 103.886532331419971, 1.329545870649583 ], [ 103.886532331419971, 1.329545870649582 ], [ 103.886532331419971, 1.329545870649583 ], [ 103.886532331419986, 1.329545870649575 ], [ 103.890385006266854, 1.326587170093437 ], [ 103.888948301853588, 1.323826071303967 ], [ 103.888224401285939, 1.324345027733494 ], [ 103.888896916172882, 1.323480497924739 ], [ 103.888887498742491, 1.323478735731835 ], [ 103.888878043657627, 1.323477191236103 ], [ 103.888741974569029, 1.323454964236584 ], [ 103.885063366478917, 1.323162961229282 ], [ 103.885006848280952, 1.323982367381026 ], [ 103.884985784665176, 1.324391977051814 ], [ 103.884979656955807, 1.324511138391793 ], [ 103.884983229364948, 1.324547507460607 ], [ 103.884995525349566, 1.324672687264135 ], [ 103.885175570660351, 1.325939978446498 ] ] ] } },
{ "type": "Feature", "properties": { "area": 63083.887405604823, "ID": 15 }, "geometry": { "type": "Polygon", "coordinates": [ [ [ 103.92724787705059, 1.325313543307144 ], [ 103.927055555670307, 1.325327215006351 ], [ 103.926942064128824, 1.326611054744871 ], [ 103.931178084500729, 1.327352433868579 ], [ 103.929843772540707, 1.325769754818552 ], [ 103.92925768440395, 1.32547623559973 ], [ 103.929066930119646, 1.325402509680992 ], [ 103.928848531783544, 1.32535521753675 ], [ 103.928406206718293, 1.325277327756003 ], [ 103.92724787705059, 1.325313543307144 ] ] ] } },
{ "type": "Feature", "properties": { "area": 324135.17822410149, "ID": 16 }, "geometry": { "type": "Polygon", "coordinates": [ [ [ 103.949222720062892, 1.333667374448919 ], [ 103.949250091875783, 1.33304674394891 ], [ 103.950621073305669, 1.329696643644914 ], [ 103.950489738015406, 1.327426657412611 ], [ 103.950082882097348, 1.32749206906023 ], [ 103.948567758120959, 1.328019058506348 ], [ 103.946303570477014, 1.329717573240142 ], [ 103.944452232195971, 1.330852390342564 ], [ 103.944606541302903, 1.33293892119699 ], [ 103.94477543038596, 1.333699872805714 ], [ 103.945390486912956, 1.333908675504056 ], [ 103.949222720062892, 1.333667374448919 ] ] ] } },
{ "type": "Feature", "properties": { "area": 2927611.4270692761, "ID": 17 }, "geometry": { "type": "Polygon", "coordinates": [ [ [ 103.842103849536272, 1.294753032704842 ], [ 103.844025497869055, 1.29585306633214 ], [ 103.845544823663317, 1.291681638218448 ], [ 103.845809095740336, 1.289154752684073 ], [ 103.845750062967412, 1.289001313600307 ], [ 103.845020935845824, 1.288711067274313 ], [ 103.84421198313828, 1.289231072071583 ], [ 103.844129205444432, 1.289063098404359 ], [ 103.843898491849004, 1.288904119297908 ], [ 103.842992594467248, 1.288666668053555 ], [ 103.843383378813485, 1.288052262760835 ], [ 103.844721195965235, 1.288456802648561 ], [ 103.847295180374189, 1.288710833173228 ], [ 103.847555858995761, 1.287496054539414 ], [ 103.847722921936708, 1.287530833160194 ], [ 103.84885918008419, 1.288382419801892 ], [ 103.84901137580357, 1.288358391473749 ], [ 103.852322789696231, 1.286003580483045 ], [ 103.853000391748196, 1.28523465333673 ], [ 103.853207860678992, 1.284913955455455 ], [ 103.851842690369409, 1.283028215484311 ], [ 103.852907860803072, 1.284110279147759 ], [ 103.854449032071841, 1.281357978441971 ], [ 103.857144394429497, 1.278884838643128 ], [ 103.857157994477788, 1.27882598178833 ], [ 103.856308875449173, 1.277561408683491 ], [ 103.85641091365072, 1.277102956730827 ], [ 103.856617398500376, 1.276040649074651 ], [ 103.8555928707341, 1.27445689552765 ], [ 103.853294895352022, 1.273935015063833 ], [ 103.852979223018551, 1.274137154161801 ], [ 103.851003609912411, 1.275408058882824 ], [ 103.849633525660039, 1.275080446182499 ], [ 103.849489377400232, 1.275051246781465 ], [ 103.847801982880753, 1.275536029916015 ], [ 103.847789063355563, 1.275595479820364 ], [ 103.847769308542027, 1.275591597645211 ], [ 103.847267677217232, 1.274829183654207 ], [ 103.847429190588187, 1.273542619613773 ], [ 103.847431896974044, 1.273471786705487 ], [ 103.845645626307032, 1.272798745672165 ], [ 103.844630684670832, 1.272751076838062 ], [ 103.841217808310105, 1.272663095480967 ], [ 103.840813690049814, 1.275135336833282 ], [ 103.840944068547401, 1.275361573205775 ], [ 103.841100528063947, 1.275563886743435 ], [ 103.840757950096346, 1.278132726753139 ], [ 103.84084870206911, 1.278343219047923 ], [ 103.83974964592241, 1.279741550178317 ], [ 103.839980080346777, 1.280033350890699 ], [ 103.841515876552535, 1.281974994139169 ], [ 103.841579992384808, 1.282252302186633 ], [ 103.840561261860103, 1.28106038454804 ], [ 103.840346537419862, 1.282204945746801 ], [ 103.841943827604496, 1.284593502646752 ], [ 103.842157317571122, 1.284749294475205 ], [ 103.842172960696544, 1.284816952570695 ], [ 103.840661132156228, 1.286244436360569 ], [ 103.837014950167827, 1.284976238640097 ], [ 103.837507904436862, 1.28724327304537 ], [ 103.839138149200465, 1.288987983575174 ], [ 103.840190001517044, 1.289351046138409 ], [ 103.838691972073931, 1.290896654641254 ], [ 103.838707811254793, 1.291135854784111 ], [ 103.838929225019484, 1.294018897171035 ], [ 103.84207913982651, 1.294706117854888 ], [ 103.842103849536272, 1.294753032704842 ] ], [ [ 103.848024255672911, 1.282487378446157 ], [ 103.848379128281195, 1.282289473126207 ], [ 103.849332880791906, 1.281684140484961 ], [ 103.850362660904537, 1.282014636867699 ], [ 103.850957424264038, 1.282090609585727 ], [ 103.851021704133473, 1.282194207753979 ], [ 103.851255933667559, 1.2824321524381 ], [ 103.851161575943081, 1.282412988038343 ], [ 103.849476028166634, 1.28370815998272 ], [ 103.848945973191107, 1.283177895028445 ], [ 103.847645162409762, 1.282696935151327 ], [ 103.847211423577392, 1.282585593548809 ], [ 103.847235844890577, 1.281855795496434 ], [ 103.847668536068312, 1.282683959241058 ], [ 103.848024255672911, 1.282487378446157 ] ] ] } },
{ "type": "Feature", "properties": { "area": 5429564.1188197285, "ID": 18 }, "geometry": { "type": "Polygon", "coordinates": [ [ [ 103.857970314752023, 1.30377618630439 ], [ 103.858605075739533, 1.303677922654914 ], [ 103.858857177805007, 1.300409086628574 ], [ 103.858728678796027, 1.298560527746605 ], [ 103.860239068820349, 1.298493991983549 ], [ 103.860191077728416, 1.29606746349354 ], [ 103.857646429188833, 1.292071571288508 ], [ 103.854959466641901, 1.291336373458264 ], [ 103.854894214066888, 1.291320283659391 ], [ 103.854872749807058, 1.291410721608879 ], [ 103.85019078276369, 1.290466273097078 ], [ 103.849603414408421, 1.292490355496934 ], [ 103.848981621742467, 1.295456136083212 ], [ 103.849051312424436, 1.295548995585055 ], [ 103.846670496488471, 1.297537116090631 ], [ 103.847291056825412, 1.298426891758447 ], [ 103.844346418029104, 1.298013435419962 ], [ 103.843517390263017, 1.299574387820317 ], [ 103.843019606165498, 1.299278952506071 ], [ 103.839792789191719, 1.298334022124979 ], [ 103.839053468700143, 1.298180497006944 ], [ 103.838726312461901, 1.29813571908099 ], [ 103.836590703708524, 1.299751976513819 ], [ 103.833877193563339, 1.298911201775635 ], [ 103.832979577998586, 1.299812671129944 ], [ 103.831810882989473, 1.302246023562674 ], [ 103.829557179092475, 1.301773421388601 ], [ 103.828732747697529, 1.302917888488879 ], [ 103.826231997360594, 1.303391953318275 ], [ 103.82516689399506, 1.303774217307946 ], [ 103.824442484242098, 1.302807947579898 ], [ 103.823284456488452, 1.301880104577689 ], [ 103.822899735890744, 1.302149766588612 ], [ 103.821690531367537, 1.303378716553474 ], [ 103.81982310081203, 1.306546213738154 ], [ 103.821508647355671, 1.306867426173766 ], [ 103.827718103366124, 1.30719789969569 ], [ 103.827736071589172, 1.307209216653247 ], [ 103.829419671241197, 1.308007674943007 ], [ 103.83197872973868, 1.308988215968655 ], [ 103.831926324996942, 1.307856575350516 ], [ 103.832965245129515, 1.309247119074056 ], [ 103.833447646609216, 1.309595535153942 ], [ 103.833942407707383, 1.309481561670725 ], [ 103.834190477433935, 1.30751336897374 ], [ 103.834197566443478, 1.307327867956995 ], [ 103.833509956429253, 1.30567262960894 ], [ 103.833346915222307, 1.305372973905507 ], [ 103.833319873036075, 1.305368375817828 ], [ 103.834568659079807, 1.304516727686139 ], [ 103.834943961491689, 1.304260170327092 ], [ 103.835222983620312, 1.303158410300598 ], [ 103.834866616671434, 1.303056214699725 ], [ 103.835284303413204, 1.302935009825512 ], [ 103.835253494600622, 1.303142162224893 ], [ 103.836993574395237, 1.305033890509441 ], [ 103.839206296406132, 1.306193339009744 ], [ 103.839488224778506, 1.306220429384839 ], [ 103.840822467896956, 1.303671339428037 ], [ 103.842950253020234, 1.301313629743494 ], [ 103.843616727040484, 1.300087083821107 ], [ 103.845353820125737, 1.300589597243932 ], [ 103.848183353993463, 1.299448821749849 ], [ 103.84821238035849, 1.299404354921458 ], [ 103.848942344907869, 1.300117948701942 ], [ 103.850352060347618, 1.301468551370713 ], [ 103.851203199567266, 1.301547156185826 ], [ 103.851995946228769, 1.301614269477629 ], [ 103.852533286828944, 1.303778402135103 ], [ 103.850061110863294, 1.30285224476686 ], [ 103.847812530751398, 1.306023118774407 ], [ 103.84771417394532, 1.30759970413904 ], [ 103.849724525695805, 1.309786344213002 ], [ 103.851305011463438, 1.310020063290172 ], [ 103.852152109341588, 1.310087505778361 ], [ 103.852867811138537, 1.309605230485217 ], [ 103.852862757424347, 1.31033044187519 ], [ 103.852862555185823, 1.310650165620233 ], [ 103.853133690816023, 1.311144737863793 ], [ 103.853078131785864, 1.31195998221641 ], [ 103.853299937118123, 1.313124562948565 ], [ 103.853117450556638, 1.313131767580807 ], [ 103.851610366325716, 1.313306405864123 ], [ 103.850435315817663, 1.313452518487124 ], [ 103.849221965176824, 1.312501583468304 ], [ 103.847981860601038, 1.312525586429975 ], [ 103.847764407713839, 1.312532777675285 ], [ 103.846129146247677, 1.313549409107527 ], [ 103.846767423648629, 1.315553169807326 ], [ 103.846873325350259, 1.315650052123809 ], [ 103.846869547469879, 1.315659381871432 ], [ 103.846985727088153, 1.315782368621876 ], [ 103.84710808505892, 1.315903008588442 ], [ 103.847229214536711, 1.316013934056281 ], [ 103.847396675646493, 1.3161572537344 ], [ 103.847526211377783, 1.316259453186756 ], [ 103.847612233864183, 1.316326011148386 ], [ 103.847612732387802, 1.316326396869787 ], [ 103.847784475675994, 1.316448096458287 ], [ 103.847803564817568, 1.316461211336942 ], [ 103.847860729866369, 1.316500485635505 ], [ 103.847926196744382, 1.31654436981804 ], [ 103.847951901560464, 1.316561600436286 ], [ 103.847979365177309, 1.316579462541732 ], [ 103.848050321328103, 1.31662561182293 ], [ 103.848117181154393, 1.316668466094877 ], [ 103.848142914589062, 1.316684960118414 ], [ 103.848237982306784, 1.316743248692702 ], [ 103.848571009062212, 1.316933233846883 ], [ 103.848741871954545, 1.31702455918676 ], [ 103.848887924710397, 1.317102623621163 ], [ 103.84895192703479, 1.317135633186734 ], [ 103.84896052860806, 1.317140069497245 ], [ 103.84896052860806, 1.317140069497245 ], [ 103.84896052860806, 1.317140069497245 ], [ 103.849239027339422, 1.317237605030218 ], [ 103.85236678089403, 1.317920049104587 ], [ 103.852691484814557, 1.317612750319726 ], [ 103.852746766190535, 1.317533829969897 ], [ 103.852761051448709, 1.317510867641991 ], [ 103.85283397023808, 1.317365249871965 ], [ 103.853580106433256, 1.315811402755722 ], [ 103.8535721452714, 1.313442566216498 ], [ 103.856290206277606, 1.314361977842204 ], [ 103.85717220264651, 1.314027717811771 ], [ 103.85753995695346, 1.31381699052509 ], [ 103.858608825549865, 1.313124102196837 ], [ 103.858910308456799, 1.311562094253025 ], [ 103.858932046986169, 1.31143923415053 ], [ 103.858958844180151, 1.311513215043941 ], [ 103.860236872431386, 1.312589924862088 ], [ 103.860637418486576, 1.312574260926967 ], [ 103.860894966366828, 1.312562435312102 ], [ 103.860914711358404, 1.312560543243915 ], [ 103.86100855690411, 1.313064107432759 ], [ 103.862627578677319, 1.31305897776538 ], [ 103.867518687285624, 1.309606882588971 ], [ 103.865547128321055, 1.305499565251586 ], [ 103.868653774609569, 1.304907228670114 ], [ 103.869566096278263, 1.306008779497677 ], [ 103.869874749797745, 1.306346731556602 ], [ 103.874680386315191, 1.306454053288934 ], [ 103.875822667337076, 1.306468773552937 ], [ 103.868728924673604, 1.304166087256607 ], [ 103.866973080502078, 1.30197125905226 ], [ 103.866549160095005, 1.301444313305195 ], [ 103.866186156724908, 1.3010469627432 ], [ 103.866143020056043, 1.301015667394557 ], [ 103.86183799634469, 1.299665905107751 ], [ 103.862730609641488, 1.301805223709787 ], [ 103.862730612445489, 1.301805227647287 ], [ 103.862729872522166, 1.301804746637276 ], [ 103.862295689692544, 1.301552536457538 ], [ 103.860145890400915, 1.300394228224889 ], [ 103.860207181094395, 1.300737672054331 ], [ 103.86098988483846, 1.303556602760217 ], [ 103.860066867991705, 1.303787229048573 ], [ 103.860081802924967, 1.303867068900368 ], [ 103.860318176685638, 1.304806448612253 ], [ 103.86349586961181, 1.305735791689097 ], [ 103.86149820193279, 1.306098635205704 ], [ 103.861239776988839, 1.305977892126998 ], [ 103.860267211150898, 1.306872508771607 ], [ 103.858716951597415, 1.306817567553253 ], [ 103.858716951597415, 1.306817567553253 ], [ 103.858522322082649, 1.306624229199138 ], [ 103.85834446991224, 1.306447556849595 ], [ 103.85658078039809, 1.305427034956343 ], [ 103.856580780398048, 1.305427034956328 ], [ 103.854627101440457, 1.304359552969234 ], [ 103.854225986265277, 1.304919398032318 ], [ 103.854188954602407, 1.304398667272733 ], [ 103.852546763730118, 1.303783451011161 ], [ 103.853214154561897, 1.30359387538499 ], [ 103.857970314752023, 1.30377618630439 ] ], [ [ 103.863779210380685, 1.305165915017694 ], [ 103.863553659033215, 1.30499338176571 ], [ 103.863373211273981, 1.304866260679427 ], [ 103.861368878828273, 1.303697288633002 ], [ 103.864366277521412, 1.304102095258035 ], [ 103.865296743464768, 1.305408691084794 ], [ 103.86428383710502, 1.305592669872156 ], [ 103.863779210380685, 1.305165915017694 ] ] ] } },
{ "type": "Feature", "properties": { "area": 158704.04930857336, "ID": 19 }, "geometry": { "type": "Polygon", "coordinates": [ [ [ 103.836299064909454, 1.309540798484224 ], [ 103.836289036183672, 1.309568217685861 ], [ 103.836279009816209, 1.309595637761185 ], [ 103.836956933304791, 1.311592411411282 ], [ 103.837426009309951, 1.311908604728521 ], [ 103.839765303125347, 1.312600094054492 ], [ 103.841458262285741, 1.310286304014208 ], [ 103.839903041333329, 1.308704312727907 ], [ 103.836299064909454, 1.309540798484224 ] ] ] } },
{ "type": "Feature", "properties": { "area": 5102345.6577412151, "ID": 20 }, "geometry": { "type": "Polygon", "coordinates": [ [ [ 103.833941434756184, 1.291370270958116 ], [ 103.833858620597354, 1.289732032289211 ], [ 103.833483753992297, 1.289378459367598 ], [ 103.833276009761107, 1.289536495944164 ], [ 103.830025912916668, 1.292543585220158 ], [ 103.830025912916653, 1.292543585220167 ], [ 103.82895880892849, 1.293739795729764 ], [ 103.827004688143575, 1.29149515316056 ], [ 103.826462574586813, 1.290872442846934 ], [ 103.829967272994693, 1.290466833442747 ], [ 103.831077459313491, 1.289265294811358 ], [ 103.830410377315829, 1.288965922020866 ], [ 103.830410377315786, 1.28896592202085 ], [ 103.830089447240383, 1.288846110954467 ], [ 103.830089447240368, 1.288846110954459 ], [ 103.829372427896189, 1.288592843261656 ], [ 103.830278406986295, 1.28793714760853 ], [ 103.830994149147443, 1.287898471667027 ], [ 103.83364969263377, 1.287743271692051 ], [ 103.833679785507883, 1.287242878761256 ], [ 103.833674175790051, 1.286741601823933 ], [ 103.832288188804355, 1.286253537529875 ], [ 103.832906825216909, 1.2859860336873 ], [ 103.834751179999557, 1.28616002859649 ], [ 103.836537460899109, 1.284103815066465 ], [ 103.836486633566167, 1.28274296700937 ], [ 103.832619457456389, 1.282266304039581 ], [ 103.832111676836419, 1.282223405988082 ], [ 103.832043040319022, 1.282310927926687 ], [ 103.831869359825518, 1.282532404900279 ], [ 103.831225647271424, 1.282610954964193 ], [ 103.831114069159383, 1.282317988207205 ], [ 103.829414139517709, 1.281587167255048 ], [ 103.82972024409132, 1.280710078210121 ], [ 103.832003874536383, 1.28092318616172 ], [ 103.83207505790709, 1.280903284816612 ], [ 103.832075057919468, 1.280903284810741 ], [ 103.83222431151205, 1.280861556699458 ], [ 103.832351979709969, 1.280771938970282 ], [ 103.832351979875853, 1.2807719388916 ], [ 103.832575563828982, 1.280614992280709 ], [ 103.833112017111517, 1.280238424538898 ], [ 103.833418345074122, 1.280023394993452 ], [ 103.835120175397847, 1.27837926404313 ], [ 103.835576041939262, 1.276524439030717 ], [ 103.835554872144016, 1.275926219914587 ], [ 103.832357768350434, 1.276323470062485 ], [ 103.831361767901456, 1.27670107405114 ], [ 103.827316322818461, 1.277481525434129 ], [ 103.827194304665142, 1.278490095756164 ], [ 103.823805239344608, 1.280233314321412 ], [ 103.823718984301905, 1.280241277901041 ], [ 103.822260890491151, 1.282504308145953 ], [ 103.820189202412976, 1.283322617263163 ], [ 103.820689434842095, 1.287265343601914 ], [ 103.819976704658188, 1.286210067055155 ], [ 103.819950749088747, 1.286062252816105 ], [ 103.819722947550005, 1.284124696692655 ], [ 103.820188798874184, 1.283320939358108 ], [ 103.820188798874199, 1.283320939358102 ], [ 103.820878857984781, 1.281452457804507 ], [ 103.820889702754727, 1.281393342480759 ], [ 103.820882096205423, 1.280975718686901 ], [ 103.820403181539575, 1.280465001989668 ], [ 103.818451715290777, 1.279979297979071 ], [ 103.818397166743907, 1.279965827193055 ], [ 103.819854839491654, 1.278164096957257 ], [ 103.819854839491654, 1.278164096957254 ], [ 103.819878952911338, 1.278112590690311 ], [ 103.819974587745577, 1.277820003266331 ], [ 103.820251044235249, 1.276974205484434 ], [ 103.820363367550925, 1.27575983333131 ], [ 103.821133769005073, 1.275060109800535 ], [ 103.823287648814357, 1.276648261187109 ], [ 103.825833721996545, 1.274176578482546 ], [ 103.823730271570909, 1.272721847814581 ], [ 103.823589304133549, 1.2728298454722 ], [ 103.823915193922957, 1.272533852342655 ], [ 103.824314940233009, 1.272127462734758 ], [ 103.824364570357872, 1.272074508075331 ], [ 103.824782896093794, 1.271586333009958 ], [ 103.823446874468246, 1.271194727094618 ], [ 103.823154815520212, 1.271188331916777 ], [ 103.822926233229538, 1.271188330999893 ], [ 103.822608762491797, 1.271194723728637 ], [ 103.822265897133363, 1.271303440463556 ], [ 103.822062708352561, 1.271456899067815 ], [ 103.81969902085882, 1.274079740276971 ], [ 103.819592389209731, 1.274243973635333 ], [ 103.819548479608841, 1.274370319716958 ], [ 103.819524980068081, 1.27449048343072 ], [ 103.819464934229728, 1.274815115465922 ], [ 103.815662681357409, 1.276338144613239 ], [ 103.816884153016233, 1.280278275310866 ], [ 103.814152190810688, 1.283957100298959 ], [ 103.814152190810688, 1.283957100298965 ], [ 103.812922651769739, 1.285283779747742 ], [ 103.812518279590648, 1.285380887954136 ], [ 103.811123800335551, 1.284451743811004 ], [ 103.809100098506647, 1.284172214804652 ], [ 103.808317052766142, 1.284218167233803 ], [ 103.808317052765986, 1.284218167233858 ], [ 103.806880954730616, 1.284700850542581 ], [ 103.806784320125189, 1.284569335041966 ], [ 103.803262148111429, 1.284780443613126 ], [ 103.803201338469918, 1.284795456862601 ], [ 103.802149172189957, 1.285240670530033 ], [ 103.802161186525851, 1.285269264400225 ], [ 103.801759161419966, 1.288064629166699 ], [ 103.80194760689119, 1.289043482508376 ], [ 103.801452303172439, 1.289003003583548 ], [ 103.800486696423363, 1.289224730626444 ], [ 103.800227498295413, 1.289482696268557 ], [ 103.800034028549078, 1.289685486901712 ], [ 103.799737005213728, 1.292340293003052 ], [ 103.800899514380703, 1.293225206417794 ], [ 103.803046776117156, 1.296978618163533 ], [ 103.803961093852976, 1.295683434467325 ], [ 103.804126335429174, 1.294036793924925 ], [ 103.806035165972773, 1.293625887455143 ], [ 103.800970894487037, 1.300109306274924 ], [ 103.80288867256705, 1.30027646492974 ], [ 103.80727009272934, 1.299243659581456 ], [ 103.807397011075736, 1.29873179502797 ], [ 103.807713672810408, 1.297026266040657 ], [ 103.806885264426569, 1.293409673239783 ], [ 103.806091879075865, 1.293592458601424 ], [ 103.806837639171718, 1.29216491429986 ], [ 103.804907796451886, 1.290706181803296 ], [ 103.807185785842577, 1.291434202388881 ], [ 103.807132939245008, 1.292213909036596 ], [ 103.807089710226563, 1.293129509816545 ], [ 103.810446040033085, 1.293602817658661 ], [ 103.810563637326823, 1.294494443530514 ], [ 103.810673212603675, 1.295169213977748 ], [ 103.810936515382807, 1.296790645237282 ], [ 103.810446115748618, 1.293602828336025 ], [ 103.810456001666836, 1.293604222442945 ], [ 103.814125956342323, 1.293028268222309 ], [ 103.815324880881491, 1.29152928863626 ], [ 103.808037172900612, 1.290658230414693 ], [ 103.807517661409449, 1.287914342779477 ], [ 103.808961125181298, 1.287943582026052 ], [ 103.811169515783462, 1.28804722143098 ], [ 103.813675293122486, 1.289332518413342 ], [ 103.814898962975903, 1.289514068871521 ], [ 103.815287482428175, 1.290854224344927 ], [ 103.821056579898141, 1.288691750609663 ], [ 103.822970492645254, 1.289896556638745 ], [ 103.823601032858548, 1.288225884223442 ], [ 103.824381739048803, 1.2885768806804 ], [ 103.822742560858927, 1.290863449679193 ], [ 103.823185430736345, 1.29125171667022 ], [ 103.825453363306067, 1.290989241937368 ], [ 103.824815880169027, 1.291342622437936 ], [ 103.824060819923801, 1.292296742649072 ], [ 103.823128490245594, 1.294587967540182 ], [ 103.825096574014168, 1.296483940957746 ], [ 103.828695581758595, 1.296451111937971 ], [ 103.828817010952207, 1.296404228675568 ], [ 103.830032128913473, 1.297918550705519 ], [ 103.832491064729197, 1.296314122280132 ], [ 103.833772561921506, 1.291704722103591 ], [ 103.833941434756184, 1.291370270958116 ] ], [ [ 103.82436209943944, 1.284199747926006 ], [ 103.823767952684946, 1.285742998125234 ], [ 103.823219729527466, 1.283321479693155 ], [ 103.82436209943944, 1.284199747926006 ] ] ] } },
{ "type": "Feature", "properties": { "area": 57381.353933375329, "ID": 22 }, "geometry": { "type": "Polygon", "coordinates": [ [ [ 103.839413458047829, 1.31314354739864 ], [ 103.839121062753179, 1.312988253974058 ], [ 103.836237528087807, 1.31663808876729 ], [ 103.837862438826846, 1.316616466506939 ], [ 103.838854440882685, 1.31581444115182 ], [ 103.839413458047829, 1.31314354739864 ] ] ] } },
{ "type": "Feature", "properties": { "area": 178480.10801512498, "ID": 23 }, "geometry": { "type": "Polygon", "coordinates": [ [ [ 103.82365523452998, 1.321063434797241 ], [ 103.824212698734868, 1.321434256005673 ], [ 103.825926233167422, 1.322294194221206 ], [ 103.828642651663372, 1.319454899480032 ], [ 103.82866319198736, 1.318461390913184 ], [ 103.828381446177858, 1.31762703518551 ], [ 103.825798719522737, 1.317795489603622 ], [ 103.824875646664751, 1.318667567252182 ], [ 103.82365523452998, 1.321063434797241 ] ] ] } },
{ "type": "Feature", "properties": { "area": 99423.184931804426, "ID": 24 }, "geometry": { "type": "Polygon", "coordinates": [ [ [ 103.840427469069908, 1.352878274215148 ], [ 103.840341410185829, 1.351289522720637 ], [ 103.840232045212375, 1.350545361636399 ], [ 103.84021786911606, 1.350451045679479 ], [ 103.840194375224897, 1.350294736847054 ], [ 103.839607678351115, 1.349701038732825 ], [ 103.835927644442918, 1.353287957059681 ], [ 103.840427469069908, 1.352878274215148 ] ] ] } },
{ "type": "Feature", "properties": { "area": 2526.1165656932512, "ID": 25 }, "geometry": { "type": "Polygon", "coordinates": [ [ [ 103.835509372793126, 1.352648896697274 ], [ 103.835702283428375, 1.352825742189509 ], [ 103.836008811474841, 1.351363179779649 ], [ 103.835504476114849, 1.352513030090688 ], [ 103.835504476124754, 1.352524158160815 ], [ 103.835509372793126, 1.352648896697274 ] ] ] } },
{ "type": "Feature", "properties": { "area": 62011.857056054287, "ID": 26 }, "geometry": { "type": "Polygon", "coordinates": [ [ [ 103.833878830186734, 1.35325973241348 ], [ 103.833238252173601, 1.353022619264869 ], [ 103.830755162307881, 1.352183607868069 ], [ 103.830703562952863, 1.354260643320422 ], [ 103.832013202905344, 1.354944958612814 ], [ 103.833878830186734, 1.35325973241348 ] ] ] } },
{ "type": "Feature", "properties": { "area": 245743.42794874916, "ID": 27 }, "geometry": { "type": "Polygon", "coordinates": [ [ [ 103.834794773331538, 1.360480374943252 ], [ 103.832122128362471, 1.361977974557982 ], [ 103.832046143723602, 1.364806968502509 ], [ 103.839283279295117, 1.362834404858347 ], [ 103.839730446672903, 1.361741060469279 ], [ 103.838613501808211, 1.361325638826765 ], [ 103.834794773331538, 1.360480374943252 ] ] ] } },
{ "type": "Feature", "properties": { "area": 2837147.6565917637, "ID": 28 }, "geometry": { "type": "Polygon", "coordinates": [ [ [ 103.839952458809151, 1.364997170581421 ], [ 103.833914898903132, 1.367148953023589 ], [ 103.835232195967507, 1.367797557008805 ], [ 103.836290354979084, 1.368293293330243 ], [ 103.837890606293669, 1.368268386755985 ], [ 103.83959634111325, 1.370591143839153 ], [ 103.8366126901049, 1.371604248525099 ], [ 103.836612673076345, 1.371604254307163 ], [ 103.835553993920982, 1.374368996917906 ], [ 103.835553993920982, 1.374368996917906 ], [ 103.835553993920982, 1.374368996917906 ], [ 103.836656915424015, 1.374628121823424 ], [ 103.838314221865858, 1.375017495131675 ], [ 103.838314221865858, 1.375017495131675 ], [ 103.838314221865858, 1.375017495131675 ], [ 103.840264708658793, 1.373224000231396 ], [ 103.841208140044444, 1.372356502749419 ], [ 103.841189367516407, 1.372229519510144 ], [ 103.84091122699617, 1.371699034052675 ], [ 103.840911217737073, 1.371699017111902 ], [ 103.840648863619194, 1.371219004195138 ], [ 103.843164479071916, 1.371955219293288 ], [ 103.845329486255082, 1.372175832308648 ], [ 103.84579001209741, 1.370709754956177 ], [ 103.84718745073917, 1.37133778710361 ], [ 103.846782966093883, 1.372266963272476 ], [ 103.845141756060897, 1.373709836341416 ], [ 103.844845226109584, 1.376100332546995 ], [ 103.847802145106897, 1.376251402193703 ], [ 103.847806278608942, 1.376230876407499 ], [ 103.850398333247284, 1.370911512717049 ], [ 103.851739845230554, 1.370290458083509 ], [ 103.851171393298813, 1.371119399433302 ], [ 103.849717896885338, 1.372383057880139 ], [ 103.850837291954392, 1.374408627334787 ], [ 103.853077782973514, 1.374237709426257 ], [ 103.854540429634184, 1.374477298340929 ], [ 103.854561426842167, 1.374524640760906 ], [ 103.85272432547653, 1.376032581649344 ], [ 103.851539563461046, 1.37789612124076 ], [ 103.851663340119245, 1.379083571001015 ], [ 103.855325597230618, 1.378364500070004 ], [ 103.856750737093734, 1.376022484019155 ], [ 103.855661607835856, 1.374486860018644 ], [ 103.857636052816545, 1.373513518570552 ], [ 103.857690993496632, 1.373480848437547 ], [ 103.857727067708055, 1.373459397131387 ], [ 103.857760114435038, 1.373412689687999 ], [ 103.85778840492182, 1.373372704597504 ], [ 103.857920308104852, 1.373090771956901 ], [ 103.857963270967389, 1.372998942214301 ], [ 103.857963270967389, 1.372998942214301 ], [ 103.858124150857762, 1.372655074022367 ], [ 103.858143033134994, 1.372608730782716 ], [ 103.858180017890646, 1.372517958177299 ], [ 103.858194104306989, 1.372483385533531 ], [ 103.858822894477967, 1.370849793734482 ], [ 103.860409524812454, 1.369300485360174 ], [ 103.857705307960501, 1.365230576445507 ], [ 103.857527740499634, 1.363765603913338 ], [ 103.855572301889808, 1.359940903816288 ], [ 103.85542477313237, 1.359674718119839 ], [ 103.855259799896515, 1.359449264494115 ], [ 103.855046528798397, 1.359218936137369 ], [ 103.854803177024692, 1.35901658698993 ], [ 103.854440864493725, 1.358777327528345 ], [ 103.854128811103735, 1.362834598575972 ], [ 103.852897031221261, 1.362078860899594 ], [ 103.850902461196497, 1.364078939963976 ], [ 103.851639736288107, 1.360891457048508 ], [ 103.847552153979464, 1.362613360076345 ], [ 103.842973936567688, 1.364311427647485 ], [ 103.842949810663626, 1.364345053787489 ], [ 103.842998944562439, 1.364376403668476 ], [ 103.845774560525527, 1.364868026088984 ], [ 103.849219006099702, 1.365767043605759 ], [ 103.849082037864804, 1.365904390083455 ], [ 103.849435906671417, 1.366683666216501 ], [ 103.845037592190366, 1.367658428943578 ], [ 103.845152181994678, 1.367096500102675 ], [ 103.843574418157147, 1.365604926263881 ], [ 103.840980286108561, 1.366552126252811 ], [ 103.840928414171643, 1.366542856898596 ], [ 103.839952458809151, 1.364997170581421 ] ], [ [ 103.852634279556611, 1.3694682345732 ], [ 103.853829998174206, 1.368408721218735 ], [ 103.853502769365974, 1.3693536987838 ], [ 103.852667487228601, 1.369546978150517 ], [ 103.852634279556611, 1.3694682345732 ] ] ] } },
{ "type": "Feature", "properties": { "area": 244557.07421748282, "ID": 29 }, "geometry": { "type": "Polygon", "coordinates": [ [ [ 103.866616954427315, 1.322706602762676 ], [ 103.866235876037976, 1.322075417916248 ], [ 103.86259236906912, 1.315198920391418 ], [ 103.861124544412618, 1.315008087600427 ], [ 103.860723085699391, 1.31829630926206 ], [ 103.862012800427124, 1.320102465594845 ], [ 103.862058730586483, 1.320203131239977 ], [ 103.862330614013374, 1.320547541038856 ], [ 103.862330614013374, 1.320547541038871 ], [ 103.862501471873216, 1.320763976089854 ], [ 103.862501471873699, 1.320763976090469 ], [ 103.862944349679793, 1.321324699656283 ], [ 103.863607460025364, 1.321701584903182 ], [ 103.866616954427315, 1.322706602762676 ] ] ] } },
{ "type": "Feature", "properties": { "area": 433507.08442888205, "ID": 30 }, "geometry": { "type": "Polygon", "coordinates": [ [ [ 103.84279888775076, 1.314778377160814 ], [ 103.8412140586493, 1.316069071572097 ], [ 103.84211791463062, 1.321010316859248 ], [ 103.842037670095735, 1.321132915513017 ], [ 103.845751834323195, 1.323447564503128 ], [ 103.845767342934494, 1.323417617703426 ], [ 103.847499338541269, 1.318968311877859 ], [ 103.846897714620113, 1.318660257607627 ], [ 103.8467877996369, 1.318607765128598 ], [ 103.846249022118869, 1.316000939015469 ], [ 103.84498250207966, 1.315403358636681 ], [ 103.843117269164125, 1.314616462863563 ], [ 103.84279888775076, 1.314778377160814 ] ] ] } },
{ "type": "Feature", "properties": { "area": 3317206.7817775463, "ID": 31 }, "geometry": { "type": "Polygon", "coordinates": [ [ [ 103.847865156363184, 1.322441784617413 ], [ 103.84749485119977, 1.323617885343031 ], [ 103.84713186376591, 1.325029822756557 ], [ 103.845814671766135, 1.323800887088436 ], [ 103.845325321860315, 1.324269696559544 ], [ 103.841861502484392, 1.324436899381956 ], [ 103.841330365318512, 1.325031927716259 ], [ 103.840165558273995, 1.327100207224203 ], [ 103.84090441194617, 1.328167868572205 ], [ 103.842363316948294, 1.329434512178569 ], [ 103.843028137771526, 1.32955379531357 ], [ 103.843596411847557, 1.3296044720055 ], [ 103.844041561989286, 1.329606943823411 ], [ 103.844178004804107, 1.329518366115665 ], [ 103.844213023919153, 1.329607895891122 ], [ 103.844683743309687, 1.330089693296439 ], [ 103.843677374298721, 1.331359676147174 ], [ 103.843727348307837, 1.332878494564193 ], [ 103.844835153419012, 1.335165102555956 ], [ 103.843278119237226, 1.333809206636735 ], [ 103.841766933360802, 1.335260156842689 ], [ 103.840126230806163, 1.338034305300462 ], [ 103.842492318126816, 1.341303536389586 ], [ 103.843452899549717, 1.341223351980431 ], [ 103.846743111950275, 1.340895908107929 ], [ 103.846522491644848, 1.339156292690761 ], [ 103.84705717091451, 1.340469384666075 ], [ 103.849614525079787, 1.337791816934139 ], [ 103.848877645715376, 1.340789078364013 ], [ 103.849144688745042, 1.340775318110349 ], [ 103.849416766137082, 1.340752000721623 ], [ 103.849654164644335, 1.340719251275269 ], [ 103.851110282482225, 1.340329760890875 ], [ 103.85348081823453, 1.343278764458835 ], [ 103.853666505806743, 1.343255336787138 ], [ 103.854845709140037, 1.342577715139217 ], [ 103.857417830722028, 1.341157977255642 ], [ 103.858874977745117, 1.339695344371741 ], [ 103.857720572232779, 1.33898420667831 ], [ 103.858048250497447, 1.336202181372511 ], [ 103.859671501524957, 1.335490284334183 ], [ 103.860814521439664, 1.334214695412008 ], [ 103.859548884931343, 1.332418194452477 ], [ 103.858828986742651, 1.332427634315611 ], [ 103.858306231735256, 1.332434515234228 ], [ 103.854963600672818, 1.331058072937316 ], [ 103.854402015279447, 1.331357888924165 ], [ 103.850496146268569, 1.33103180610054 ], [ 103.850307186184622, 1.331025978335703 ], [ 103.849932161827098, 1.331047883654273 ], [ 103.849183540858277, 1.331123827979494 ], [ 103.847914053572012, 1.329984509034016 ], [ 103.848090684802457, 1.329797068970299 ], [ 103.848963336877304, 1.328402658962374 ], [ 103.848692079066808, 1.327336899270877 ], [ 103.849368186638884, 1.327537749459612 ], [ 103.850801946817953, 1.327864517474798 ], [ 103.851387131224953, 1.327653008964402 ], [ 103.852235647844722, 1.327207285149986 ], [ 103.853474475169037, 1.325809963645598 ], [ 103.853760768435976, 1.325359916011438 ], [ 103.853941080003111, 1.325504487105692 ], [ 103.854316430211497, 1.325026978304328 ], [ 103.854373920679592, 1.326030757941601 ], [ 103.854620081397002, 1.327650962281456 ], [ 103.855742277493263, 1.327926158316613 ], [ 103.855766237322769, 1.327954345579225 ], [ 103.85650756630406, 1.328329296490451 ], [ 103.85996131996059, 1.328611628036036 ], [ 103.860030554320133, 1.328608200562261 ], [ 103.860098402100206, 1.328593927745264 ], [ 103.860169022657345, 1.328566018925875 ], [ 103.860225936535116, 1.328532705246146 ], [ 103.86028218362874, 1.328488051465304 ], [ 103.860327830499585, 1.328434743004799 ], [ 103.860364719619795, 1.328374969689984 ], [ 103.860460960236267, 1.328101610489702 ], [ 103.86047699998548, 1.327998456216536 ], [ 103.860475770031059, 1.327882902324352 ], [ 103.860447793698413, 1.327719657573811 ], [ 103.859703790131732, 1.325689388891633 ], [ 103.859669731583367, 1.325612263775019 ], [ 103.859622901451445, 1.325560847208558 ], [ 103.858855830202273, 1.324825849789753 ], [ 103.855800377168677, 1.322688081777841 ], [ 103.855800377168634, 1.322688081777811 ], [ 103.853010388283877, 1.32043925111796 ], [ 103.852331816518145, 1.321245461763008 ], [ 103.849263604109012, 1.322043274906955 ], [ 103.847865156363184, 1.322441784617413 ] ], [ [ 103.849499076801905, 1.337520942687535 ], [ 103.846819549876216, 1.336823053767893 ], [ 103.848178367709892, 1.335795192764086 ], [ 103.849499076801905, 1.337520942687535 ] ] ] } },
{ "type": "Feature", "properties": { "area": 326118.54468574305, "ID": 32 }, "geometry": { "type": "Polygon", "coordinates": [ [ [ 103.865467313749051, 1.33610962643988 ], [ 103.865768944584175, 1.336097787833455 ], [ 103.865890389906113, 1.336058326268578 ], [ 103.866035334143746, 1.335995195625223 ], [ 103.866278899893771, 1.335786943929883 ], [ 103.869852797994966, 1.333909372615162 ], [ 103.871035647665849, 1.33230757049111 ], [ 103.868835897683937, 1.329851631605067 ], [ 103.867843445172497, 1.329256937462917 ], [ 103.865377177850078, 1.332100714356196 ], [ 103.865295941273175, 1.332243400134437 ], [ 103.865277742443951, 1.332284838608283 ], [ 103.865260737823732, 1.332393327247406 ], [ 103.865249402615575, 1.332553216159631 ], [ 103.865212736973092, 1.333071108313594 ], [ 103.863534383167277, 1.335013568443226 ], [ 103.863698199810258, 1.335449286328906 ], [ 103.863731773706689, 1.335527534601588 ], [ 103.863774789476338, 1.335601684825833 ], [ 103.863824790188858, 1.33567092470468 ], [ 103.863881863629501, 1.335735571813043 ], [ 103.863946079500778, 1.335791740494178 ], [ 103.864014489827326, 1.335843104881499 ], [ 103.864176406996592, 1.335937566555462 ], [ 103.864434479569212, 1.335974868247895 ], [ 103.864527441801016, 1.335988291233639 ], [ 103.864712488929285, 1.33601499584837 ], [ 103.865467313749051, 1.33610962643988 ] ] ] } },
{ "type": "Feature", "properties": { "area": 515132.57321110618, "ID": 33 }, "geometry": { "type": "Polygon", "coordinates": [ [ [ 103.874534490667557, 1.332601481654361 ], [ 103.87453121766859, 1.332606158522757 ], [ 103.876139639602215, 1.337713307181015 ], [ 103.876796805113884, 1.33747787631443 ], [ 103.880743926301719, 1.335463606382045 ], [ 103.88124170916636, 1.333944061225569 ], [ 103.881437536171561, 1.333838738412921 ], [ 103.882590545897983, 1.333067919105433 ], [ 103.883455893845607, 1.332317515736302 ], [ 103.88234050886301, 1.330965541422253 ], [ 103.881324197208144, 1.330027076956792 ], [ 103.879491214913813, 1.329532905671765 ], [ 103.877673342216951, 1.330236310063855 ], [ 103.876446194986173, 1.331160499561399 ], [ 103.876461143046313, 1.331360724942287 ], [ 103.874534490667557, 1.332601481654361 ] ] ] } },
{ "type": "Feature", "properties": { "area": 290011.71601619199, "ID": 34 }, "geometry": { "type": "Polygon", "coordinates": [ [ [ 103.870777667867202, 1.340798339041215 ], [ 103.875996862533782, 1.34200768052369 ], [ 103.874784960674063, 1.337745567847403 ], [ 103.871851844581215, 1.33526987806352 ], [ 103.870014297565049, 1.337763696902791 ], [ 103.870777667867202, 1.340798339041215 ] ] ] } },
{ "type": "Feature", "properties": { "area": 253704.00632017746, "ID": 35 }, "geometry": { "type": "Polygon", "coordinates": [ [ [ 103.843402203745072, 1.36028060695326 ], [ 103.845946478204311, 1.360599840221753 ], [ 103.847742016400943, 1.357196700300075 ], [ 103.847841961856957, 1.357107370596191 ], [ 103.847919181793259, 1.357012517688257 ], [ 103.847951561035501, 1.356907102649672 ], [ 103.847948840080264, 1.356795929423195 ], [ 103.84757927278433, 1.354002866915346 ], [ 103.847492205571555, 1.354051822179191 ], [ 103.847414281560916, 1.354114469631735 ], [ 103.847329709988642, 1.354182461422861 ], [ 103.846738658031313, 1.354686628922183 ], [ 103.843704656812861, 1.355448554378497 ], [ 103.843402203745072, 1.36028060695326 ] ] ] } },
{ "type": "Feature", "properties": { "area": 268763.71841326653, "ID": 36 }, "geometry": { "type": "Polygon", "coordinates": [ [ [ 103.849615313117582, 1.346629237872634 ], [ 103.848699555506116, 1.349927065247978 ], [ 103.848762744226121, 1.351277217253375 ], [ 103.852464544309953, 1.352302945844768 ], [ 103.852484419293575, 1.352262912536423 ], [ 103.85352349030903, 1.350151053214729 ], [ 103.853050420814441, 1.349266488668859 ], [ 103.852874991845312, 1.3462962052214 ], [ 103.852662415991603, 1.346169297960166 ], [ 103.849615313117582, 1.346629237872634 ] ] ] } },
{ "type": "Feature", "properties": { "area": 1126462.2906212739, "ID": 37 }, "geometry": { "type": "Polygon", "coordinates": [ [ [ 103.881416465802147, 1.360152747491162 ], [ 103.881500822564519, 1.360153225606055 ], [ 103.88158884255003, 1.362147415888248 ], [ 103.884639656751986, 1.363164931671405 ], [ 103.888070285602538, 1.362934898540327 ], [ 103.888385498428264, 1.360968029349034 ], [ 103.888385498428264, 1.360968029349034 ], [ 103.888385498428264, 1.360968029349034 ], [ 103.890445610879041, 1.359789558864143 ], [ 103.889685699910302, 1.358128408710834 ], [ 103.892233726171099, 1.356303483874372 ], [ 103.891945419164088, 1.355012718001185 ], [ 103.893191882399151, 1.355505322377845 ], [ 103.892010775182143, 1.350360678400322 ], [ 103.889706207924007, 1.349228930973788 ], [ 103.889032210276653, 1.350204749096939 ], [ 103.8881182279776, 1.349739115204678 ], [ 103.886336297177522, 1.352035403137571 ], [ 103.887703758007561, 1.354885798262744 ], [ 103.885699403493248, 1.353865900044257 ], [ 103.884892898821278, 1.353477782576238 ], [ 103.884806903103964, 1.353464854998636 ], [ 103.884628127661003, 1.355022684483079 ], [ 103.884897781481115, 1.355937282152441 ], [ 103.885200619857812, 1.356829075820966 ], [ 103.886595834301701, 1.357505159814714 ], [ 103.884088773299951, 1.35720016172107 ], [ 103.880788150206484, 1.356168624991712 ], [ 103.881416465802147, 1.360152747491162 ] ], [ [ 103.887879693991621, 1.357410605205752 ], [ 103.888189967263784, 1.35685801753002 ], [ 103.88839177402221, 1.356319925949506 ], [ 103.889106941669652, 1.357810647459529 ], [ 103.887391744453751, 1.357601986202495 ], [ 103.887879693991621, 1.357410605205752 ] ] ] } },
{ "type": "Feature", "properties": { "area": 592015.67711983738, "ID": 38 }, "geometry": { "type": "Polygon", "coordinates": [ [ [ 103.861950882745063, 1.365909438064242 ], [ 103.861807004409016, 1.366796360254723 ], [ 103.862725058269703, 1.368787074557641 ], [ 103.866552179918742, 1.368168940161666 ], [ 103.867260971417778, 1.366017643887145 ], [ 103.867652157026285, 1.365874980154395 ], [ 103.868774534809376, 1.365449691737408 ], [ 103.868824505462044, 1.365423475006093 ], [ 103.868853381068391, 1.365426399588475 ], [ 103.869006391078202, 1.365381198552124 ], [ 103.86930867368963, 1.365291888203636 ], [ 103.869516831163281, 1.365230382842598 ], [ 103.869963785249354, 1.364495165421495 ], [ 103.870395654994823, 1.363340176768274 ], [ 103.868686056375537, 1.359434534934278 ], [ 103.86834671478799, 1.359035947294247 ], [ 103.866985703712089, 1.361021617493529 ], [ 103.866329388594735, 1.360724791439395 ], [ 103.863982106379879, 1.360436523475701 ], [ 103.863010645004991, 1.364611372900731 ], [ 103.861950882745063, 1.365909438064242 ] ] ] } },
{ "type": "Feature", "properties": { "area": 411815.44312726869, "ID": 39 }, "geometry": { "type": "Polygon", "coordinates": [ [ [ 103.872736142462486, 1.366326872067305 ], [ 103.869913781728727, 1.368908010593887 ], [ 103.869805066530546, 1.369259487737769 ], [ 103.869708090169411, 1.369985727710392 ], [ 103.870194444921822, 1.370961065474624 ], [ 103.869710271197789, 1.371669810219072 ], [ 103.869884039958706, 1.373497111301095 ], [ 103.872511907533024, 1.373633713187097 ], [ 103.873277816369182, 1.373592827399695 ], [ 103.873403229707023, 1.373564881913284 ], [ 103.873530344641395, 1.37348278031583 ], [ 103.873612214916847, 1.373390646932982 ], [ 103.874325117909123, 1.372243980385491 ], [ 103.873905997559632, 1.371290895665392 ], [ 103.876404443374184, 1.369878292533974 ], [ 103.876586441155027, 1.369618308348379 ], [ 103.875911274344517, 1.367789899007553 ], [ 103.873969125940519, 1.366676691566961 ], [ 103.873903171933193, 1.366652070016171 ], [ 103.872736142462486, 1.366326872067305 ] ] ] } },
{ "type": "Feature", "properties": { "area": 815956.16819218546, "ID": 40 }, "geometry": { "type": "Polygon", "coordinates": [ [ [ 103.915999435444206, 1.333440954686747 ], [ 103.915992565871932, 1.333406440373846 ], [ 103.915888730079232, 1.332919258905831 ], [ 103.915836663505416, 1.33267497051483 ], [ 103.915793052251772, 1.33257983250399 ], [ 103.915785589355835, 1.332563552185194 ], [ 103.915711210111951, 1.332481066783595 ], [ 103.914986176310691, 1.332126905515657 ], [ 103.914366409538289, 1.331846255368356 ], [ 103.91427144769635, 1.331817343414466 ], [ 103.914236468614561, 1.331806693729438 ], [ 103.910382607358372, 1.331622342024791 ], [ 103.910272882496514, 1.331619254844044 ], [ 103.910190716570554, 1.331616943048752 ], [ 103.91019071657054, 1.331616943048752 ], [ 103.91019071657054, 1.331616943048752 ], [ 103.909962251986329, 1.33162627644089 ], [ 103.909758532651068, 1.33164786496674 ], [ 103.912964375555902, 1.337252348756257 ], [ 103.907653566187321, 1.337089002218696 ], [ 103.906628346706285, 1.337514516547571 ], [ 103.903309742784188, 1.333896882397054 ], [ 103.900667648767396, 1.336229021397014 ], [ 103.89954759127248, 1.339077288808642 ], [ 103.90470359523168, 1.339071701868206 ], [ 103.906511642891232, 1.339063459173308 ], [ 103.906598031501304, 1.338618001082364 ], [ 103.907208617530273, 1.339064058129548 ], [ 103.911124982429399, 1.341308264676302 ], [ 103.914047320820188, 1.339812807071407 ], [ 103.913612714738065, 1.338134207103786 ], [ 103.913385695859731, 1.337498467060783 ], [ 103.914232054462687, 1.337195133202294 ], [ 103.915959437022423, 1.333560077206106 ], [ 103.915959437022423, 1.333560077206101 ], [ 103.91597993485405, 1.33351083196024 ], [ 103.916002536133078, 1.333456533261289 ], [ 103.915999435444206, 1.333440954686747 ] ] ] } },
{ "type": "Feature", "properties": { "area": 152059.83207190182, "ID": 41 }, "geometry": { "type": "Polygon", "coordinates": [ [ [ 103.900881685951873, 1.326846465542111 ], [ 103.898254572495333, 1.329482300244633 ], [ 103.898267476544646, 1.329505538300169 ], [ 103.901857725704303, 1.331403502558275 ], [ 103.903069909777656, 1.32788608968046 ], [ 103.903110902536412, 1.327754319907065 ], [ 103.903111145516505, 1.327654239434599 ], [ 103.903078640201755, 1.327548754647893 ], [ 103.903071022940281, 1.327530773599217 ], [ 103.903047259370169, 1.3274918795356 ], [ 103.903019178747684, 1.32745648299255 ], [ 103.902962595868843, 1.327400809891516 ], [ 103.902938517078553, 1.327381592671392 ], [ 103.902872247605757, 1.327338849256592 ], [ 103.902840060574476, 1.32732274140834 ], [ 103.902801555414527, 1.32730476099327 ], [ 103.902726687284584, 1.32728095276635 ], [ 103.902241675298001, 1.327160573001426 ], [ 103.901150451668585, 1.326902188411901 ], [ 103.900881685951873, 1.326846465542111 ] ] ] } },
{ "type": "Feature", "properties": { "area": 615220.47006056563, "ID": 42 }, "geometry": { "type": "Polygon", "coordinates": [ [ [ 103.888847087303787, 1.336247417099432 ], [ 103.889018532479952, 1.333599029992911 ], [ 103.88890701617332, 1.333411784935484 ], [ 103.884034143529163, 1.335706416012605 ], [ 103.883540459260487, 1.337959885771231 ], [ 103.883833824239701, 1.338857230760883 ], [ 103.883514041707699, 1.338868445340074 ], [ 103.882516360860166, 1.338988771539055 ], [ 103.88403628209214, 1.34183089788876 ], [ 103.886365100604451, 1.341118609403487 ], [ 103.886364094353439, 1.34110319951467 ], [ 103.88854276152415, 1.340948467831536 ], [ 103.888624935998948, 1.339679083504647 ], [ 103.892503547748234, 1.33690366439132 ], [ 103.892072751846513, 1.334656991920772 ], [ 103.891061606174262, 1.333073889416008 ], [ 103.889601693364028, 1.333753677486314 ], [ 103.888847087303787, 1.336247417099432 ] ] ] } },
{ "type": "Feature", "properties": { "area": 387179.74885234702, "ID": 43 }, "geometry": { "type": "Polygon", "coordinates": [ [ [ 103.88599117947895, 1.346583237196911 ], [ 103.885952350635208, 1.346424567981222 ], [ 103.885646155472443, 1.345611141492885 ], [ 103.883096120194836, 1.34302029787693 ], [ 103.882379209384695, 1.343067549436485 ], [ 103.881444528881531, 1.343242783610793 ], [ 103.880753389434886, 1.344013273062591 ], [ 103.880607411792965, 1.344180583261535 ], [ 103.880525911407673, 1.344284445454307 ], [ 103.880375125498219, 1.344479027902968 ], [ 103.88020015649856, 1.344722856399165 ], [ 103.879930403221039, 1.34522324685078 ], [ 103.879767310176945, 1.347374024972248 ], [ 103.880244023214757, 1.348644480095455 ], [ 103.882011177437164, 1.349792562258481 ], [ 103.882412660271626, 1.350046878892304 ], [ 103.885143015863292, 1.34900066828551 ], [ 103.885176095400183, 1.348961156500784 ], [ 103.885593532724855, 1.348173256238748 ], [ 103.885831374045054, 1.347599526008255 ], [ 103.885994225085355, 1.346602681066375 ], [ 103.885993526583036, 1.346592828343628 ], [ 103.88599117947895, 1.346583237196911 ] ] ] } },
{ "type": "Feature", "properties": { "area": 54551.848222461413, "ID": 44 }, "geometry": { "type": "Polygon", "coordinates": [ [ [ 103.878474962565392, 1.35275943660575 ], [ 103.878703746312297, 1.352813340779394 ], [ 103.878932528421842, 1.352779034158076 ], [ 103.880856266110868, 1.352069233034711 ], [ 103.880890114028389, 1.352040275493518 ], [ 103.880918884309352, 1.351995987829779 ], [ 103.880942576209506, 1.351892083185932 ], [ 103.880841016957845, 1.351174975699043 ], [ 103.88078213305927, 1.351040606422014 ], [ 103.879524770615816, 1.35042775552618 ], [ 103.877965326817062, 1.351846497384657 ], [ 103.878085551106977, 1.352195664637844 ], [ 103.878231574024255, 1.352533915371996 ], [ 103.878304584071699, 1.352631980875387 ], [ 103.878474962565392, 1.35275943660575 ] ] ] } },
{ "type": "Feature", "properties": { "area": 492034.30428752827, "ID": 45 }, "geometry": { "type": "Polygon", "coordinates": [ [ [ 103.868146538201998, 1.353369826830667 ], [ 103.8681613689795, 1.353374189878406 ], [ 103.868167645392489, 1.353452721777557 ], [ 103.867854843060627, 1.355320124766863 ], [ 103.871459713754746, 1.357259948837455 ], [ 103.873401140895226, 1.355427832317433 ], [ 103.872753982758582, 1.353550469160538 ], [ 103.872513874029892, 1.352949369896606 ], [ 103.872125643542745, 1.351736989865324 ], [ 103.873607746767192, 1.349637059855588 ], [ 103.871759144941706, 1.346684466239328 ], [ 103.868322022756047, 1.349408454006203 ], [ 103.868146538201998, 1.353369826830667 ] ] ] } },
{ "type": "Feature", "properties": { "area": 566852.66306989384, "ID": 46 }, "geometry": { "type": "Polygon", "coordinates": [ [ [ 103.966106839098316, 1.338234749210446 ], [ 103.967002494584207, 1.338419156022459 ], [ 103.967882128252512, 1.335073758142551 ], [ 103.967817489956218, 1.334394294406658 ], [ 103.966916027609358, 1.333010366508734 ], [ 103.9653371587885, 1.332056999605518 ], [ 103.96467411172766, 1.331745061839898 ], [ 103.962254861337257, 1.333094610978843 ], [ 103.961708049332643, 1.331671019184361 ], [ 103.959390349697543, 1.330909222806314 ], [ 103.959534549643024, 1.337281929165524 ], [ 103.964311894394996, 1.338449971426894 ], [ 103.963708034288175, 1.336877858368233 ], [ 103.964610487178575, 1.33743483756331 ], [ 103.966106839098316, 1.338234749210446 ] ] ] } },
{ "type": "Feature", "properties": { "area": 223313.06422231847, "ID": 47 }, "geometry": { "type": "Polygon", "coordinates": [ [ [ 103.951221906978276, 1.342864628995856 ], [ 103.951889606123359, 1.343443176626636 ], [ 103.954353133083217, 1.345517451494511 ], [ 103.956077652735402, 1.344352335673117 ], [ 103.955883174870323, 1.342118149427312 ], [ 103.95026926168444, 1.339456480332379 ], [ 103.950392048845956, 1.340787256718519 ], [ 103.951179327063983, 1.342787724946156 ], [ 103.951221906978276, 1.342864628995856 ] ] ] } },
{ "type": "Feature", "properties": { "area": 917344.2888102592, "ID": 48 }, "geometry": { "type": "Polygon", "coordinates": [ [ [ 103.950622961615636, 1.350418409863801 ], [ 103.951253548727649, 1.351897445515082 ], [ 103.955237496370202, 1.353769168900639 ], [ 103.956990007175705, 1.349783034377123 ], [ 103.95684082560534, 1.349258083678241 ], [ 103.9529628462777, 1.348155947194149 ], [ 103.952649147376647, 1.34806125244966 ], [ 103.952498321274518, 1.348032433313497 ], [ 103.952345811020436, 1.348014636040287 ], [ 103.952032929224544, 1.348010906878981 ], [ 103.95143721187597, 1.348010936026549 ], [ 103.951346865052713, 1.348027791292398 ], [ 103.950956956176015, 1.348200230857019 ], [ 103.949950344219772, 1.346622316929749 ], [ 103.949828048714238, 1.346471654580425 ], [ 103.949665312830575, 1.346334528860846 ], [ 103.948886102723449, 1.345677944941039 ], [ 103.948704068275035, 1.345550071078218 ], [ 103.948534672407703, 1.345476988220354 ], [ 103.948334354625288, 1.345431143839323 ], [ 103.948180580990183, 1.345418928040297 ], [ 103.948090058664121, 1.345420522115922 ], [ 103.945827570964937, 1.345661448627234 ], [ 103.946764415279702, 1.34154865085998 ], [ 103.940448909408801, 1.344936375656815 ], [ 103.94184621768288, 1.348966032306714 ], [ 103.944282366060946, 1.348251971212332 ], [ 103.944966751913867, 1.350124922920224 ], [ 103.950622961615636, 1.350418409863801 ] ] ] } },
{ "type": "Feature", "properties": { "area": 2563968.7433723295, "ID": 49 }, "geometry": { "type": "Polygon", "coordinates": [ [ [ 103.94835111529683, 1.358746691067858 ], [ 103.949949741546106, 1.356714395812617 ], [ 103.950099710502755, 1.355472485934091 ], [ 103.955472737083809, 1.35602456961015 ], [ 103.956641499000256, 1.354727060276701 ], [ 103.958581167074016, 1.356426662734311 ], [ 103.957282786926015, 1.356466187670172 ], [ 103.955968924150582, 1.362698844126822 ], [ 103.95604437408285, 1.362754779870871 ], [ 103.956119315505234, 1.362800064710298 ], [ 103.956208751274161, 1.362810587635854 ], [ 103.956330197334623, 1.362793942580971 ], [ 103.956422262373067, 1.36274070046192 ], [ 103.95761508241921, 1.361549989574074 ], [ 103.958221020880842, 1.360939407603506 ], [ 103.958651888259837, 1.360502924391839 ], [ 103.958714432247632, 1.360414780978759 ], [ 103.959653041018939, 1.358727179221415 ], [ 103.959658153894509, 1.356393877394001 ], [ 103.959658153605943, 1.356393877402785 ], [ 103.960579853758929, 1.355467963106578 ], [ 103.962348802219594, 1.353640068515962 ], [ 103.962455429199878, 1.353500593133036 ], [ 103.962509330749228, 1.353274782261086 ], [ 103.96250929726601, 1.352641728880738 ], [ 103.962485070234109, 1.352488024042667 ], [ 103.962412054419261, 1.352346050146468 ], [ 103.962304642220531, 1.352229866422915 ], [ 103.962131559349388, 1.352145975048168 ], [ 103.961977715378154, 1.352139518323716 ], [ 103.958413830324133, 1.35213970573165 ], [ 103.958272799814509, 1.352165536958274 ], [ 103.958109412873938, 1.352239554640961 ], [ 103.95554933846023, 1.353770072272667 ], [ 103.955237215513421, 1.353770052157429 ], [ 103.95173650766597, 1.353772028304028 ], [ 103.949732384737473, 1.355060750487245 ], [ 103.947482754184776, 1.352861051972807 ], [ 103.945736733193513, 1.352227658785293 ], [ 103.944915497783128, 1.350193194967314 ], [ 103.941516930416483, 1.350591490109899 ], [ 103.940988126656151, 1.35110948412277 ], [ 103.938117766491914, 1.349474358358091 ], [ 103.937956112138124, 1.34965588995469 ], [ 103.938199517030938, 1.348787319666994 ], [ 103.935706525448154, 1.347682655406021 ], [ 103.935563842104031, 1.34763843241727 ], [ 103.935366230763549, 1.34768266977471 ], [ 103.932314580155492, 1.348954027163537 ], [ 103.932127993512765, 1.349086686285945 ], [ 103.932097806850194, 1.349167740794722 ], [ 103.930414913442888, 1.34793761363307 ], [ 103.926724937561914, 1.349947592454403 ], [ 103.928996328898435, 1.353585974524173 ], [ 103.928652755862146, 1.354790758239246 ], [ 103.930240204858137, 1.357927420642798 ], [ 103.932279607368685, 1.358724899194236 ], [ 103.934415087316438, 1.358531727106413 ], [ 103.934421273263837, 1.358512666957677 ], [ 103.936229249843166, 1.358306616271765 ], [ 103.937666999814979, 1.356987020305241 ], [ 103.938053609422539, 1.357379265157271 ], [ 103.940820456067755, 1.356944366750978 ], [ 103.941221284011903, 1.355460443378729 ], [ 103.941379358324582, 1.355560579410464 ], [ 103.941977284008757, 1.35593935005238 ], [ 103.942509714056371, 1.357308269660335 ], [ 103.943806265562316, 1.357494577978087 ], [ 103.946660024112177, 1.358491738317113 ], [ 103.946787930174239, 1.358512504362151 ], [ 103.94835111529683, 1.358746691067858 ] ], [ [ 103.934889025184447, 1.352655994826334 ], [ 103.936577004699998, 1.352781730576034 ], [ 103.936539230761582, 1.353955738491232 ], [ 103.934889025184447, 1.352655994826334 ] ], [ [ 103.9334466892074, 1.352385471048961 ], [ 103.933407603503312, 1.352313967789935 ], [ 103.932787035494854, 1.352107664642858 ], [ 103.932806108012258, 1.352047982198881 ], [ 103.933511242804798, 1.352324347465244 ], [ 103.9334466892074, 1.352385471048961 ] ] ] } },
{ "type": "Feature", "properties": { "area": 254236.99997857603, "ID": 50 }, "geometry": { "type": "Polygon", "coordinates": [ [ [ 103.977866442841218, 1.354965857864446 ], [ 103.977498902838363, 1.354191741408517 ], [ 103.976782007231208, 1.353074225007586 ], [ 103.97681107302499, 1.357380733274383 ], [ 103.975646541915808, 1.360120675139149 ], [ 103.981372986674572, 1.363253645775029 ], [ 103.979441516853228, 1.358686384649141 ], [ 103.977866442841218, 1.354965857864446 ] ] ] } },
{ "type": "Feature", "properties": { "area": 255852.40932143154, "ID": 51 }, "geometry": { "type": "Polygon", "coordinates": [ [ [ 103.949072742323068, 1.359870019519472 ], [ 103.950519585817617, 1.362487351330062 ], [ 103.953228996241876, 1.36226610758527 ], [ 103.953350758263269, 1.362253030737061 ], [ 103.953387648234568, 1.362248401116994 ], [ 103.95348108423903, 1.362230520976338 ], [ 103.953570202326901, 1.36220790749916 ], [ 103.953621834197591, 1.362193880236645 ], [ 103.953713900617871, 1.362162752950165 ], [ 103.953804667574886, 1.362125796659049 ], [ 103.953931165869605, 1.362062237658807 ], [ 103.954007787392825, 1.362016203227543 ], [ 103.954050573253369, 1.361988540225736 ], [ 103.954130037118759, 1.361930494599531 ], [ 103.95421125577262, 1.361865030026995 ], [ 103.954289598695311, 1.361791557820157 ], [ 103.95517610256988, 1.358594288236024 ], [ 103.950247583916848, 1.357804103847425 ], [ 103.949072742323068, 1.359870019519472 ] ] ] } },
{ "type": "Feature", "properties": { "area": 455067.77163364785, "ID": 52 }, "geometry": { "type": "Polygon", "coordinates": [ [ [ 103.961098131607898, 1.36404381456706 ], [ 103.961103374147982, 1.366594105860901 ], [ 103.962072954701668, 1.369742856761785 ], [ 103.962145569073627, 1.369738352729289 ], [ 103.963765774102271, 1.371205295588094 ], [ 103.967953976169866, 1.369684170057002 ], [ 103.967187361544731, 1.365156670907579 ], [ 103.963745596742058, 1.364138046475748 ], [ 103.963635630856899, 1.364037189113256 ], [ 103.961098131607898, 1.36404381456706 ] ] ] } },
{ "type": "Feature", "properties": { "area": 999573.13166703342, "ID": 53 }, "geometry": { "type": "Polygon", "coordinates": [ [ [ 103.951380625644845, 1.36744819608401 ], [ 103.951253950836943, 1.36748971117018 ], [ 103.951159602805205, 1.367525890336029 ], [ 103.949436950675945, 1.368256424129654 ], [ 103.948286534162506, 1.368746224341056 ], [ 103.948286534779555, 1.368759182745854 ], [ 103.948772744406511, 1.370457800789829 ], [ 103.94706884438601, 1.371035380996496 ], [ 103.946356492387253, 1.372461311070669 ], [ 103.947862549523649, 1.373352231756607 ], [ 103.948200961266693, 1.375575843306915 ], [ 103.948601001101864, 1.375731995002528 ], [ 103.950554918679487, 1.375559695233949 ], [ 103.956045008447617, 1.377644386027727 ], [ 103.957262162273153, 1.376508920071668 ], [ 103.958839374747811, 1.378209423605756 ], [ 103.962004307180507, 1.378968540178456 ], [ 103.963714297897738, 1.373809351414457 ], [ 103.963813264710566, 1.373506525967707 ], [ 103.963856807901891, 1.373207130276441 ], [ 103.96383677734508, 1.372762073436561 ], [ 103.960601247390883, 1.371251484140795 ], [ 103.95734289602116, 1.37446566575002 ], [ 103.956282655276752, 1.373294960256944 ], [ 103.952043698947122, 1.373112990918373 ], [ 103.951741578225551, 1.372820915505709 ], [ 103.951541193833364, 1.369530405463284 ], [ 103.951145561377814, 1.369653474186046 ], [ 103.949453254923625, 1.370227124458828 ], [ 103.951581001446371, 1.367575947273989 ], [ 103.95171468252326, 1.367364661923186 ], [ 103.951543769699612, 1.367403605624556 ], [ 103.951380625644845, 1.36744819608401 ] ] ] } },
{ "type": "Feature", "properties": { "area": 92131.103159481427, "ID": 54 }, "geometry": { "type": "Polygon", "coordinates": [ [ [ 103.917962066316932, 1.338341154220923 ], [ 103.92292501449748, 1.338450752031142 ], [ 103.92743855933972, 1.339085922868029 ], [ 103.927698529427929, 1.339121506131304 ], [ 103.926149738833203, 1.338509617345257 ], [ 103.921632011291749, 1.337020376386033 ], [ 103.921460266301438, 1.336987422731076 ], [ 103.92129670037238, 1.33697449922617 ], [ 103.921071535374821, 1.33699386634434 ], [ 103.920961147108073, 1.337018740342626 ], [ 103.920868273747985, 1.337049866375682 ], [ 103.917984853591207, 1.338120886834872 ], [ 103.917866472330289, 1.338197261970783 ], [ 103.917962066316932, 1.338341154220923 ] ] ] } },
{ "type": "Feature", "properties": { "area": 244730.65632295283, "ID": 55 }, "geometry": { "type": "Polygon", "coordinates": [ [ [ 103.931232861279526, 1.373712438453308 ], [ 103.931299036315863, 1.373740978876217 ], [ 103.935192701208663, 1.37313688073801 ], [ 103.936008027732541, 1.37273412529833 ], [ 103.936287498147664, 1.37126444116975 ], [ 103.930780315161428, 1.36839128849281 ], [ 103.930270374159477, 1.368638008429778 ], [ 103.930876761199144, 1.372795722232568 ], [ 103.931232861279526, 1.373712438453308 ] ] ] } },
{ "type": "Feature", "properties": { "area": 3367228.0128075345, "ID": 56 }, "geometry": { "type": "Polygon", "coordinates": [ [ [ 103.913310623286051, 1.390601335451474 ], [ 103.911481938120474, 1.390633252437255 ], [ 103.90958952986972, 1.393421966887585 ], [ 103.909552557500746, 1.393737545897656 ], [ 103.906029093160441, 1.396699278499266 ], [ 103.905560853119013, 1.399570491671837 ], [ 103.904779671742688, 1.39937098876981 ], [ 103.904647486774877, 1.399748722818879 ], [ 103.902640497375103, 1.399009888546905 ], [ 103.897779926354318, 1.401268445473151 ], [ 103.896128677972541, 1.400282747757547 ], [ 103.892281822657154, 1.402511281641034 ], [ 103.891201621857888, 1.403899742922287 ], [ 103.891277168520134, 1.404401464698609 ], [ 103.895470867269523, 1.407452905324031 ], [ 103.895490734877399, 1.407514812711354 ], [ 103.897344023847609, 1.408499249299952 ], [ 103.896862117200669, 1.40960239175619 ], [ 103.89888740979525, 1.413120021374251 ], [ 103.899848567127847, 1.413666284995095 ], [ 103.901312396459517, 1.414402061698473 ], [ 103.902215176412966, 1.41294109683316 ], [ 103.903504885646029, 1.410751625260542 ], [ 103.901369542742827, 1.407274305982083 ], [ 103.900292362859901, 1.407228216100136 ], [ 103.900889202987699, 1.406168196054365 ], [ 103.900907000883322, 1.406063948911475 ], [ 103.900429381200539, 1.405110455428811 ], [ 103.900455645362342, 1.405123314439186 ], [ 103.903045532715296, 1.404559683492249 ], [ 103.902953775488541, 1.404898309415387 ], [ 103.90362634482436, 1.405326736578575 ], [ 103.903923724377805, 1.407936310501996 ], [ 103.905496062259118, 1.407477266124578 ], [ 103.909193919990713, 1.408449792529394 ], [ 103.911569076849602, 1.405859083131415 ], [ 103.913012729223922, 1.406463991890691 ], [ 103.912902746124175, 1.404888299563938 ], [ 103.915323121453056, 1.402877951256678 ], [ 103.916822739825548, 1.403542085263398 ], [ 103.916735954146546, 1.40262739355154 ], [ 103.917757077322875, 1.401409232077325 ], [ 103.918546466417041, 1.402673909287937 ], [ 103.920776613717635, 1.400958882126989 ], [ 103.922580325977535, 1.399410403708988 ], [ 103.922896862882354, 1.39910880722827 ], [ 103.920459456774338, 1.396616481260635 ], [ 103.917142139668471, 1.395929510610374 ], [ 103.916963366677493, 1.397037843629931 ], [ 103.913227338167772, 1.398524139652496 ], [ 103.913055624617925, 1.399570998444525 ], [ 103.912354220230682, 1.40001029553484 ], [ 103.913114855463988, 1.398367205369001 ], [ 103.913157908887129, 1.397968614598514 ], [ 103.912762768973963, 1.397883927180036 ], [ 103.910701301710418, 1.398127283488255 ], [ 103.911950533620725, 1.397084052248571 ], [ 103.912239868039336, 1.39712563528572 ], [ 103.915760497407206, 1.39399230159014 ], [ 103.915847361780621, 1.392353654683504 ], [ 103.915848406919508, 1.392293569979808 ], [ 103.91584212056776, 1.392228214488614 ], [ 103.915815933252219, 1.39214704823253 ], [ 103.915653561427533, 1.391910473137762 ], [ 103.915434169010666, 1.39159081917151 ], [ 103.913310623286051, 1.390601335451474 ] ], [ [ 103.906853656333368, 1.401406059430538 ], [ 103.905621173719666, 1.399618603625955 ], [ 103.907113466852053, 1.399835976014706 ], [ 103.906853656333368, 1.401406059430538 ] ] ] } },
{ "type": "Feature", "properties": { "area": 286538.46018767264, "ID": 57 }, "geometry": { "type": "Polygon", "coordinates": [ [ [ 103.906860544222226, 1.41124250250564 ], [ 103.905496753175171, 1.410824752608183 ], [ 103.905090793243346, 1.412146219380259 ], [ 103.905427276857822, 1.417406188021246 ], [ 103.906427754714898, 1.417832849929889 ], [ 103.910816100944103, 1.416186581797076 ], [ 103.906860544222226, 1.41124250250564 ] ] ] } },
{ "type": "Feature", "properties": { "area": 798735.45474639907, "ID": 58 }, "geometry": { "type": "Polygon", "coordinates": [ [ [ 103.939296370088599, 1.380290128426882 ], [ 103.937857316320034, 1.377741328532655 ], [ 103.940271711498397, 1.373340713616336 ], [ 103.939307370429887, 1.373502623579162 ], [ 103.939179678691801, 1.37358225556971 ], [ 103.934862557774323, 1.377324704456479 ], [ 103.93484080298083, 1.377505754449559 ], [ 103.934857136432484, 1.377780030196992 ], [ 103.935031834457746, 1.378025369703398 ], [ 103.933537114921222, 1.378802528743941 ], [ 103.933280791383439, 1.380711875989046 ], [ 103.936410617999783, 1.383605083611763 ], [ 103.939276776455387, 1.381866793833207 ], [ 103.93984829795869, 1.381907596443233 ], [ 103.943866780681788, 1.381322537367816 ], [ 103.945148914398231, 1.380317075576157 ], [ 103.944741544213215, 1.377420947045041 ], [ 103.941647673530866, 1.374473934029809 ], [ 103.940753698276055, 1.374227468084556 ], [ 103.940438632284824, 1.375378945341814 ], [ 103.939296370088599, 1.380290128426882 ] ] ] } },
{ "type": "Feature", "properties": { "area": 152509.64721697592, "ID": 59 }, "geometry": { "type": "Polygon", "coordinates": [ [ [ 103.987491067705307, 1.390691850111525 ], [ 103.987552453641698, 1.390617660270892 ], [ 103.988776200828198, 1.38761696734075 ], [ 103.987383742211478, 1.386441847480252 ], [ 103.985928673003713, 1.387547340341724 ], [ 103.984071150760059, 1.391656061053129 ], [ 103.984162471050283, 1.391670260115734 ], [ 103.984253971997461, 1.391657292503553 ], [ 103.984519335538266, 1.391619684877806 ], [ 103.987405073415914, 1.390725875467783 ], [ 103.987491067705307, 1.390691850111525 ] ] ] } },
{ "type": "Feature", "properties": { "area": 98912.492483817972, "ID": 60 }, "geometry": { "type": "Polygon", "coordinates": [ [ [ 103.897720017839475, 1.365422138267398 ], [ 103.896389664494137, 1.361860951134689 ], [ 103.895503869021269, 1.360717237259282 ], [ 103.894359734604791, 1.361630532296628 ], [ 103.894062231230748, 1.363388690720256 ], [ 103.897720017839475, 1.365422138267398 ] ] ] } },
{ "type": "Feature", "properties": { "area": 144865.15400455752, "ID": 61 }, "geometry": { "type": "Polygon", "coordinates": [ [ [ 103.890292397027935, 1.367337799384556 ], [ 103.892435084765154, 1.368588815594251 ], [ 103.893922575481028, 1.368558544676623 ], [ 103.894245894036914, 1.366016286659996 ], [ 103.893834039384785, 1.365108824439184 ], [ 103.893654948268477, 1.364737722017577 ], [ 103.893637327673645, 1.36473281196929 ], [ 103.890573060840225, 1.36529932057911 ], [ 103.890292397027935, 1.367337799384556 ] ] ] } },
{ "type": "Feature", "properties": { "area": 402314.32438667316, "ID": 62 }, "geometry": { "type": "Polygon", "coordinates": [ [ [ 103.897518485974899, 1.371495275911417 ], [ 103.897448207824851, 1.370481467711995 ], [ 103.895170204566355, 1.368712083350436 ], [ 103.894110661707856, 1.368742355303471 ], [ 103.892505084023853, 1.370774728003527 ], [ 103.890629517601752, 1.372524239933441 ], [ 103.892782750682613, 1.375344041900644 ], [ 103.896133008231118, 1.376200078191293 ], [ 103.896665476294274, 1.374106143487001 ], [ 103.897550811174099, 1.372005888547476 ], [ 103.897518485974899, 1.371495275911417 ] ] ] } },
{ "type": "Feature", "properties": { "area": 1190660.2369621682, "ID": 63 }, "geometry": { "type": "Polygon", "coordinates": [ [ [ 103.883511818240436, 1.370562383508643 ], [ 103.883790693875795, 1.371398004293651 ], [ 103.882977540380992, 1.372853000183271 ], [ 103.880429486069175, 1.372995745552673 ], [ 103.880429486069175, 1.372995745552673 ], [ 103.880429486069175, 1.372995745552673 ], [ 103.879374036986576, 1.37298706264791 ], [ 103.879077111101836, 1.371668264579354 ], [ 103.878995674917121, 1.371504244190169 ], [ 103.878839721328902, 1.371368663108198 ], [ 103.876411257582802, 1.369926652403866 ], [ 103.876440375137065, 1.370133297232205 ], [ 103.876854120112796, 1.372971842818179 ], [ 103.875671913904512, 1.374307460988439 ], [ 103.87542598287726, 1.374083378310246 ], [ 103.868383661885915, 1.374260984170331 ], [ 103.868410631616399, 1.374928466326571 ], [ 103.868449209062291, 1.37506726452454 ], [ 103.868489014330549, 1.375160773690967 ], [ 103.869980599397678, 1.377554814725813 ], [ 103.871104974690255, 1.378664446515599 ], [ 103.872467754162656, 1.378728171048804 ], [ 103.875515637361275, 1.376078161086539 ], [ 103.875709507525514, 1.375864171281417 ], [ 103.876867832410838, 1.377040769237417 ], [ 103.881537591786383, 1.377637971911136 ], [ 103.88214855705499, 1.377080236822721 ], [ 103.882362900650264, 1.3767565820232 ], [ 103.883370282917298, 1.376732286257068 ], [ 103.883735151227881, 1.377159539849846 ], [ 103.884570942310589, 1.378055553782314 ], [ 103.887291781136582, 1.375466697578392 ], [ 103.889763168285285, 1.376079493269505 ], [ 103.890057813409129, 1.375992574060086 ], [ 103.888821238504988, 1.370730617815397 ], [ 103.884479178990361, 1.370392365366131 ], [ 103.884296586460806, 1.370386010593285 ], [ 103.883511818240436, 1.370562383508643 ] ] ] } },
{ "type": "Feature", "properties": { "area": 232588.95112755298, "ID": 64 }, "geometry": { "type": "Polygon", "coordinates": [ [ [ 103.902408633057021, 1.373983507878219 ], [ 103.902297537808778, 1.373901447276372 ], [ 103.902208662095276, 1.373849236990704 ], [ 103.902086441555298, 1.373826878633509 ], [ 103.901923505759683, 1.37384179127871 ], [ 103.901884441950585, 1.373853904026533 ], [ 103.901827226168777, 1.373871645263229 ], [ 103.901773677868945, 1.373898593935057 ], [ 103.899716332749051, 1.376429068856651 ], [ 103.899729889049581, 1.376503123013293 ], [ 103.899785059323747, 1.376628972071819 ], [ 103.899843906984017, 1.376740015050894 ], [ 103.899928499021243, 1.376847355870698 ], [ 103.903430507385423, 1.381163489497622 ], [ 103.904338386050185, 1.380429593999678 ], [ 103.904018126537224, 1.37624719157709 ], [ 103.904007253123453, 1.376174249912144 ], [ 103.903985508145098, 1.37608307277531 ], [ 103.903898534480518, 1.375962720689264 ], [ 103.903148964190393, 1.374939992198542 ], [ 103.902601200737408, 1.374210971093166 ], [ 103.902408633057021, 1.373983507878219 ] ] ] } },
{ "type": "Feature", "properties": { "area": 77801.283554696827, "ID": 65 }, "geometry": { "type": "Polygon", "coordinates": [ [ [ 103.889728901265485, 1.376141105723847 ], [ 103.887544514854824, 1.377003913115648 ], [ 103.887441601547451, 1.380600589457541 ], [ 103.889128956588365, 1.379154910482099 ], [ 103.889150437424959, 1.379132724767983 ], [ 103.88922263743676, 1.379051471780015 ], [ 103.889316036692719, 1.378918923756794 ], [ 103.889413681292154, 1.378705159447027 ], [ 103.889460359917933, 1.378487121957775 ], [ 103.889728901265485, 1.376141105723847 ] ] ] } },
{ "type": "Feature", "properties": { "area": 2140547.961506905, "ID": 66 }, "geometry": { "type": "Polygon", "coordinates": [ [ [ 103.888710750573495, 1.387641081789021 ], [ 103.88972142823674, 1.388115870516501 ], [ 103.888471503697303, 1.390842757262964 ], [ 103.891521076663111, 1.39277998803567 ], [ 103.891195483876714, 1.394122782502865 ], [ 103.891330263423384, 1.394096323430122 ], [ 103.891628056288198, 1.394024567690899 ], [ 103.891880709643019, 1.393953978524946 ], [ 103.893627745920682, 1.393454371079252 ], [ 103.89255587251661, 1.395521771286082 ], [ 103.890523197060503, 1.394084002943341 ], [ 103.88615986922153, 1.396909367689764 ], [ 103.885069838108905, 1.397414852118492 ], [ 103.878956677385773, 1.396484756856337 ], [ 103.877254491318951, 1.3985634362177 ], [ 103.878729647482203, 1.399815960042419 ], [ 103.882835035283804, 1.401876919160636 ], [ 103.883437949714448, 1.401302744876234 ], [ 103.886178601319202, 1.397592989575343 ], [ 103.887784619964464, 1.397378682633221 ], [ 103.887907817125651, 1.398436345232659 ], [ 103.88794751255196, 1.398589691459215 ], [ 103.888016657569054, 1.398719842232342 ], [ 103.888089642067371, 1.398792005291545 ], [ 103.888197197580951, 1.39888607444208 ], [ 103.888299631231618, 1.398941482508204 ], [ 103.892214089841289, 1.399728551171965 ], [ 103.893195266358092, 1.398747395524688 ], [ 103.893292537956668, 1.398643107999129 ], [ 103.893351745908006, 1.398547334520237 ], [ 103.893398265638197, 1.398438791700944 ], [ 103.893425752813513, 1.398306838516201 ], [ 103.893417000879708, 1.398159978750124 ], [ 103.893388666325137, 1.398066808334403 ], [ 103.887820928601428, 1.397373837599747 ], [ 103.890882588046836, 1.39696528691565 ], [ 103.890882588046921, 1.396965286915638 ], [ 103.890941276920515, 1.396957346639882 ], [ 103.891339352979841, 1.396903489139397 ], [ 103.89171822944347, 1.396840951575506 ], [ 103.891888942500515, 1.396808127746287 ], [ 103.895534815073432, 1.398686483838691 ], [ 103.898955521697061, 1.396941652408284 ], [ 103.89916012029046, 1.396798149517561 ], [ 103.89925617355587, 1.396656687309776 ], [ 103.899389146765657, 1.396453327239829 ], [ 103.900565506093358, 1.394483615264314 ], [ 103.898536769140264, 1.393477387782716 ], [ 103.893879396058153, 1.393382405611797 ], [ 103.898081930334484, 1.392180588888189 ], [ 103.898297836586664, 1.391734890934824 ], [ 103.896988920761359, 1.389890142918244 ], [ 103.895901372765039, 1.389792996530222 ], [ 103.896208029319197, 1.388157460386885 ], [ 103.89594900875079, 1.38802869831632 ], [ 103.896321492077064, 1.387037004947318 ], [ 103.896735040449755, 1.384820847736231 ], [ 103.900951401254247, 1.381477001508798 ], [ 103.89674131547973, 1.377407227357768 ], [ 103.894048040588743, 1.381522373098109 ], [ 103.895872062397032, 1.38430386306089 ], [ 103.893260382529249, 1.383122531636046 ], [ 103.892990428252617, 1.381696042937343 ], [ 103.892990428252617, 1.381696042937367 ], [ 103.892990428252617, 1.381696042937344 ], [ 103.893087360713992, 1.383050173066995 ], [ 103.890192639281764, 1.383947850097274 ], [ 103.888710750573495, 1.387641081789021 ] ] ] } },
{ "type": "Feature", "properties": { "area": 146382.68808741419, "ID": 67 }, "geometry": { "type": "Polygon", "coordinates": [ [ [ 103.881468372005116, 1.379169244955128 ], [ 103.879594342254279, 1.380921080099177 ], [ 103.879478666586451, 1.381031037530871 ], [ 103.8794522362534, 1.381056161321768 ], [ 103.879364275154458, 1.38121367961866 ], [ 103.878705031603502, 1.383301553032997 ], [ 103.881501087010719, 1.384790842826541 ], [ 103.882352724969323, 1.383089735650891 ], [ 103.88151672356355, 1.379296127094128 ], [ 103.881468372005116, 1.379169244955128 ] ] ] } },
{ "type": "Feature", "properties": { "area": 1498253.1898292645, "ID": 68 }, "geometry": { "type": "Polygon", "coordinates": [ [ [ 103.884002818534483, 1.39058415875264 ], [ 103.882097766991663, 1.389584288803543 ], [ 103.87944022702321, 1.388598657391711 ], [ 103.878548654106041, 1.388689397457 ], [ 103.878072804360457, 1.38901133920481 ], [ 103.877020783625724, 1.388558779820057 ], [ 103.87696974834958, 1.388476469490236 ], [ 103.875291058626487, 1.387803105896871 ], [ 103.874938360885182, 1.387671099057529 ], [ 103.872949574854289, 1.389304649767214 ], [ 103.872363236510481, 1.390230120023273 ], [ 103.870405705943313, 1.390392838074729 ], [ 103.871157792092632, 1.389379176190178 ], [ 103.872460479779178, 1.387402729063134 ], [ 103.870715645203759, 1.386083663441841 ], [ 103.868516588146491, 1.38606478931264 ], [ 103.865232818378729, 1.389211157929792 ], [ 103.869152673366102, 1.391934087814558 ], [ 103.869158322253696, 1.392044758586621 ], [ 103.870663840987206, 1.394272251940788 ], [ 103.869963690684671, 1.395298671705254 ], [ 103.871293203725827, 1.399230761568096 ], [ 103.871541937611596, 1.399926638212463 ], [ 103.872185664972676, 1.400881310993991 ], [ 103.874685866218798, 1.398981062835293 ], [ 103.875651375731891, 1.395842095802865 ], [ 103.87672333705946, 1.395205822672414 ], [ 103.877624918573687, 1.393959197755722 ], [ 103.87798268738068, 1.394060695058672 ], [ 103.879102544516826, 1.395644725461656 ], [ 103.882175826898461, 1.393760437344368 ], [ 103.883852328913761, 1.391193695299753 ], [ 103.884002818534483, 1.39058415875264 ] ] ] } },
{ "type": "Feature", "properties": { "area": 220230.19952971814, "ID": 69 }, "geometry": { "type": "Polygon", "coordinates": [ [ [ 103.901805002246789, 1.3824555311389 ], [ 103.899644957159424, 1.383858354217241 ], [ 103.899828512662907, 1.386899342271592 ], [ 103.901877951751345, 1.388764532968674 ], [ 103.902113846955629, 1.388750105480964 ], [ 103.902440228246334, 1.388730143772416 ], [ 103.902608535307849, 1.388709861220829 ], [ 103.902762384906055, 1.388676053396275 ], [ 103.904204456134806, 1.387010169251081 ], [ 103.901805002246789, 1.3824555311389 ] ] ] } },
{ "type": "Feature", "properties": { "area": 243403.43500174314, "ID": 70 }, "geometry": { "type": "Polygon", "coordinates": [ [ [ 103.906518166855207, 1.392624929669111 ], [ 103.908065766047486, 1.390974475508091 ], [ 103.905470926562089, 1.389108561580248 ], [ 103.903315681007882, 1.390562293186726 ], [ 103.901194027927033, 1.393347164224447 ], [ 103.900686938440714, 1.394440215575561 ], [ 103.901950494486286, 1.39479848343587 ], [ 103.906370957606924, 1.392729077254311 ], [ 103.906424520320144, 1.392701132230305 ], [ 103.906473906003811, 1.392666227882374 ], [ 103.906518166855207, 1.392624929669111 ] ] ] } },
{ "type": "Feature", "properties": { "area": 85567.035043176846, "ID": 71 }, "geometry": { "type": "Polygon", "coordinates": [ [ [ 103.895119926360223, 1.415628538548193 ], [ 103.892605325140423, 1.413582894319995 ], [ 103.892571180615818, 1.419085702444389 ], [ 103.895119926360223, 1.415628538548193 ] ] ] } },
{ "type": "Feature", "properties": { "area": 283571.29947853717, "ID": 72 }, "geometry": { "type": "Polygon", "coordinates": [ [ [ 103.823264780677832, 1.263931002199322 ], [ 103.819324982437706, 1.265176076861506 ], [ 103.817530572680212, 1.264318096832824 ], [ 103.816725511881828, 1.267736691812822 ], [ 103.817416724728659, 1.267327541399044 ], [ 103.81741672470919, 1.267327541452576 ], [ 103.82351789399992, 1.2674095358632 ], [ 103.825804573079353, 1.266444259382149 ], [ 103.824997851776914, 1.26531464666992 ], [ 103.82381244839317, 1.26309202331911 ], [ 103.823264780677832, 1.263931002199322 ] ] ] } },
{ "type": "Feature", "properties": { "area": 1191057.8421968007, "ID": 73 }, "geometry": { "type": "Polygon", "coordinates": [ [ [ 103.790748711562827, 1.280071997498327 ], [ 103.791380219945793, 1.280175633502673 ], [ 103.794610978695403, 1.277825651918308 ], [ 103.79528567466447, 1.276240636990096 ], [ 103.798942225944089, 1.278232346220365 ], [ 103.799481352303175, 1.275267857118729 ], [ 103.802087117371826, 1.275727638636204 ], [ 103.804454613691277, 1.272999348254682 ], [ 103.805970164856802, 1.275301781714561 ], [ 103.806619201714597, 1.277408728444733 ], [ 103.806624992166647, 1.277427339010131 ], [ 103.809613995642437, 1.277134793032621 ], [ 103.809903022452843, 1.277329392544306 ], [ 103.810401639302981, 1.277139023985504 ], [ 103.810894866761444, 1.276934928051974 ], [ 103.812785699676326, 1.273273271709163 ], [ 103.811217260905892, 1.271253254940653 ], [ 103.809481020609297, 1.271830544610313 ], [ 103.808409334901157, 1.271796745948642 ], [ 103.806749283287104, 1.271536907981629 ], [ 103.805144479790329, 1.272154148359936 ], [ 103.801378441976908, 1.269871797699219 ], [ 103.797817570964469, 1.272830914028529 ], [ 103.79734810842605, 1.273560177188102 ], [ 103.794518990511591, 1.27423103669305 ], [ 103.794358937725534, 1.274675414128891 ], [ 103.787344314569893, 1.277874443059567 ], [ 103.790748711562827, 1.280071997498327 ] ] ] } },
{ "type": "Feature", "properties": { "area": 357927.818731796, "ID": 74 }, "geometry": { "type": "Polygon", "coordinates": [ [ [ 103.812541307808786, 1.282448229074224 ], [ 103.813630600609727, 1.282209472076717 ], [ 103.813778706041617, 1.282059121566853 ], [ 103.814583027277052, 1.281010811188291 ], [ 103.814386411743158, 1.281027083566594 ], [ 103.814150474897332, 1.281050326737479 ], [ 103.813744447728183, 1.28109033137609 ], [ 103.806932078688106, 1.281782582107558 ], [ 103.802950454066874, 1.278087654976905 ], [ 103.800697741028543, 1.284341826376675 ], [ 103.801718996464231, 1.284566361942621 ], [ 103.806452349413391, 1.282970119285719 ], [ 103.806856824831414, 1.282560648491133 ], [ 103.811688457938416, 1.282606396116232 ], [ 103.812541307808786, 1.282448229074224 ] ] ] } },
{ "type": "Feature", "properties": { "area": 322829.8447689875, "ID": 75 }, "geometry": { "type": "Polygon", "coordinates": [ [ [ 103.78577127417195, 1.296291212695411 ], [ 103.787573087019553, 1.29275380289497 ], [ 103.787778939207342, 1.29090015332851 ], [ 103.783127962011747, 1.289202120079671 ], [ 103.780991714676887, 1.289817877259843 ], [ 103.784698264474315, 1.295800534223401 ], [ 103.78577127417195, 1.296291212695411 ] ] ] } },
{ "type": "Feature", "properties": { "area": 141520.27438570408, "ID": 76 }, "geometry": { "type": "Polygon", "coordinates": [ [ [ 103.770325650256964, 1.304818460690565 ], [ 103.770793861954658, 1.305018159373988 ], [ 103.772893976433764, 1.303355423530149 ], [ 103.76966551616141, 1.296920256003278 ], [ 103.769832288360647, 1.299694048994827 ], [ 103.769872113678446, 1.300183749226391 ], [ 103.770325650256964, 1.304818460690565 ] ] ] } },
{ "type": "Feature", "properties": { "area": 456162.69086168427, "ID": 77 }, "geometry": { "type": "Polygon", "coordinates": [ [ [ 103.63111021058495, 1.268627184068473 ], [ 103.630994370659579, 1.268775506255721 ], [ 103.631223534621626, 1.270941527250526 ], [ 103.630501992181749, 1.272586110069735 ], [ 103.632006987773465, 1.274114254414513 ], [ 103.63488798194517, 1.274423896283019 ], [ 103.635794430107211, 1.275229638918327 ], [ 103.63712195885897, 1.273682038049017 ], [ 103.637447206435439, 1.268097388671958 ], [ 103.636103562621841, 1.268233902930046 ], [ 103.63111021058495, 1.268627184068473 ] ] ] } },
{ "type": "Feature", "properties": { "area": 377758.83197903261, "ID": 78 }, "geometry": { "type": "Polygon", "coordinates": [ [ [ 103.62850163036066, 1.298447928589096 ], [ 103.630887294254379, 1.293312794754481 ], [ 103.6300847788374, 1.292741467083888 ], [ 103.625710467320076, 1.290866842309128 ], [ 103.624086971663829, 1.292623074547992 ], [ 103.626525808010541, 1.298280719508024 ], [ 103.62850163036066, 1.298447928589096 ] ] ] } },
{ "type": "Feature", "properties": { "area": 116028.54823591582, "ID": 79 }, "geometry": { "type": "Polygon", "coordinates": [ [ [ 103.625316877540101, 1.298732881081538 ], [ 103.624978925374293, 1.299478393112472 ], [ 103.625032177491988, 1.301150121152973 ], [ 103.626439267215744, 1.301783470864814 ], [ 103.626888801287265, 1.301759467602331 ], [ 103.627050162000359, 1.301887199606852 ], [ 103.627490776735215, 1.301727324600053 ], [ 103.627490777201047, 1.301727324575179 ], [ 103.628726172070714, 1.301279067149636 ], [ 103.627738399514172, 1.298592457363518 ], [ 103.625316877540101, 1.298732881081538 ] ] ] } },
{ "type": "Feature", "properties": { "area": 77466.313707267866, "ID": 80 }, "geometry": { "type": "Polygon", "coordinates": [ [ [ 103.719116823133405, 1.311508046965183 ], [ 103.719248234039242, 1.311480312726618 ], [ 103.720916581912434, 1.311128146340659 ], [ 103.723574438055152, 1.310143145278858 ], [ 103.721395857103602, 1.308156999858215 ], [ 103.719116823133405, 1.311508046965183 ] ] ] } },
{ "type": "Feature", "properties": { "area": 141127.13550575075, "ID": 81 }, "geometry": { "type": "Polygon", "coordinates": [ [ [ 103.76099835586605, 1.308606929583934 ], [ 103.757803352907516, 1.311125459367119 ], [ 103.757801653606492, 1.311133015352842 ], [ 103.757799316381394, 1.311127561217551 ], [ 103.757799316381394, 1.311127561217553 ], [ 103.757799316381394, 1.311127561217551 ], [ 103.757339720894848, 1.311780755792057 ], [ 103.757339720894848, 1.311780755792057 ], [ 103.757450102978524, 1.311979313108604 ], [ 103.757462024193089, 1.311988667053177 ], [ 103.757501610455151, 1.312019728291826 ], [ 103.757581935131213, 1.312039301796875 ], [ 103.757597027178079, 1.312042891645707 ], [ 103.75731006387781, 1.313318879505889 ], [ 103.757607744286119, 1.3140228914167 ], [ 103.757899311346435, 1.31471115245519 ], [ 103.75931014921872, 1.313826355901049 ], [ 103.759736551459483, 1.313396830877712 ], [ 103.759928306201317, 1.313200879321366 ], [ 103.760036978217229, 1.313075154789863 ], [ 103.760157709485739, 1.312854154374948 ], [ 103.760208662795677, 1.312642407458668 ], [ 103.76096399674816, 1.308998271116057 ], [ 103.76099835586605, 1.308606929583934 ] ] ] } },
{ "type": "Feature", "properties": { "area": 1463423.9209636752, "ID": 82 }, "geometry": { "type": "Polygon", "coordinates": [ [ [ 103.763107431248514, 1.316186290092016 ], [ 103.763193491485197, 1.318765467038685 ], [ 103.76603960588254, 1.318706806524943 ], [ 103.766092858547324, 1.318644206712755 ], [ 103.76653679845721, 1.319634045418148 ], [ 103.766907939356074, 1.320011325772881 ], [ 103.767034627839138, 1.320140095153807 ], [ 103.767285940290293, 1.320381414838231 ], [ 103.770645018482767, 1.318204102830909 ], [ 103.771063677635468, 1.31885203942587 ], [ 103.766649298510714, 1.324015524317472 ], [ 103.765132977588337, 1.324743679977481 ], [ 103.764839631819243, 1.325373193787108 ], [ 103.765260118183775, 1.326610308076314 ], [ 103.766109549525396, 1.327105505090867 ], [ 103.766167880293793, 1.327120725932811 ], [ 103.767558463601389, 1.326272056720234 ], [ 103.768961864970009, 1.324906586831208 ], [ 103.773590260379606, 1.324916376532598 ], [ 103.773844289671487, 1.322699548373934 ], [ 103.771613294044414, 1.319203749285261 ], [ 103.771257125455676, 1.318727090102752 ], [ 103.771747253877379, 1.317718433674713 ], [ 103.774503981139247, 1.312400613600444 ], [ 103.771893858204407, 1.309904350635726 ], [ 103.771063086148672, 1.310783874314819 ], [ 103.770294475429282, 1.307986218388239 ], [ 103.769760447286501, 1.307789431529953 ], [ 103.769218709605525, 1.307615294691813 ], [ 103.769095053854642, 1.307575546612898 ], [ 103.768811889329726, 1.307561285140542 ], [ 103.768528739094606, 1.307646821414009 ], [ 103.768203116017602, 1.307846426634079 ], [ 103.767990741498636, 1.308046034778683 ], [ 103.767863306333041, 1.308288425536549 ], [ 103.767778357218688, 1.308602107089086 ], [ 103.7673442646241, 1.310510436177275 ], [ 103.767059492563106, 1.310382988504178 ], [ 103.765081303306289, 1.311479590591752 ], [ 103.765081303306289, 1.311479590591752 ], [ 103.764798937953685, 1.31176123592361 ], [ 103.764303247965316, 1.312255661682218 ], [ 103.763710838658724, 1.312847155901123 ], [ 103.763629477056966, 1.312963957393666 ], [ 103.763558026676677, 1.313066530473888 ], [ 103.763478817429842, 1.313320492123172 ], [ 103.763478817429828, 1.313320492123302 ], [ 103.763107431248514, 1.316186290092016 ] ], [ [ 103.769724757464033, 1.314528499642686 ], [ 103.768614971168006, 1.314039330593595 ], [ 103.766822529540519, 1.315121144413896 ], [ 103.766737597689968, 1.314862809399539 ], [ 103.768526383525753, 1.313813798296243 ], [ 103.76910490461853, 1.312843087599247 ], [ 103.769950218607079, 1.312556311280886 ], [ 103.769841872482118, 1.313748930655871 ], [ 103.769823571163414, 1.313950382382258 ], [ 103.769724757464033, 1.314528499642686 ] ] ] } },
{ "type": "Feature", "properties": { "area": 128746.88594114501, "ID": 83 }, "geometry": { "type": "Polygon", "coordinates": [ [ [ 103.731442930099917, 1.315938208822738 ], [ 103.734488919936524, 1.316544524479829 ], [ 103.732528606109923, 1.317965787457537 ], [ 103.735944999592448, 1.318591385380699 ], [ 103.735854747232281, 1.318183941212266 ], [ 103.735491302174296, 1.316543249305101 ], [ 103.734893099424028, 1.313862742105069 ], [ 103.734836392733669, 1.313609899417928 ], [ 103.73481642045347, 1.313520847393354 ], [ 103.734796446440697, 1.313431795761764 ], [ 103.731442930099917, 1.315938208822738 ] ] ] } },
{ "type": "Feature", "properties": { "area": 368965.49703134102, "ID": 84 }, "geometry": { "type": "Polygon", "coordinates": [ [ [ 103.742875635244857, 1.319135319805311 ], [ 103.741665889463363, 1.320434413656439 ], [ 103.740810415809193, 1.319567066707885 ], [ 103.736210137925227, 1.319788323233286 ], [ 103.736287835906566, 1.32013907888104 ], [ 103.736297205893408, 1.320181365340404 ], [ 103.736540182811567, 1.321245987911986 ], [ 103.739170063688007, 1.322396460249882 ], [ 103.739320745897757, 1.322412468967751 ], [ 103.739582432556659, 1.322388491902475 ], [ 103.739803061906088, 1.322340101979303 ], [ 103.73980306182672, 1.322340102059888 ], [ 103.741210332542309, 1.322439433640142 ], [ 103.745785565816178, 1.322875779633977 ], [ 103.747185960862197, 1.320453078916982 ], [ 103.745533113948142, 1.318556846146688 ], [ 103.74438382840745, 1.318790680854511 ], [ 103.744383828407152, 1.318790680854569 ], [ 103.743695817581752, 1.318938356866299 ], [ 103.742985985568779, 1.319108819710842 ], [ 103.742985985568779, 1.319108819710842 ], [ 103.742875635244857, 1.319135319805311 ] ] ] } },
{ "type": "Feature", "properties": { "area": 574696.15130445315, "ID": 85 }, "geometry": { "type": "Polygon", "coordinates": [ [ [ 103.626759573600538, 1.308931649680992 ], [ 103.626526279135376, 1.309441401740119 ], [ 103.625802031397043, 1.309604104421781 ], [ 103.625229801676696, 1.309341704059925 ], [ 103.625362903181326, 1.309702754834493 ], [ 103.62536290314452, 1.309702754842761 ], [ 103.625696792630052, 1.310608462432789 ], [ 103.627550854967652, 1.315632877349379 ], [ 103.628361204831862, 1.317818368219105 ], [ 103.628821167486407, 1.316603665286301 ], [ 103.629882062856836, 1.317411685587762 ], [ 103.630966570188761, 1.3142422203331 ], [ 103.631414045388695, 1.313773610273963 ], [ 103.633907268337978, 1.313131854621591 ], [ 103.635244180715773, 1.309981386141006 ], [ 103.632274969650879, 1.308696641653859 ], [ 103.62923608416601, 1.310065302426999 ], [ 103.626759573600538, 1.308931649680992 ] ] ] } },
{ "type": "Feature", "properties": { "area": 266434.41267195699, "ID": 86 }, "geometry": { "type": "Polygon", "coordinates": [ [ [ 103.729525348600504, 1.319085601845561 ], [ 103.72294696489098, 1.319325863984747 ], [ 103.722220031411794, 1.320352058192942 ], [ 103.723641181582948, 1.321370029492936 ], [ 103.728452897117819, 1.323241020086195 ], [ 103.729552860934646, 1.324096468751067 ], [ 103.729525348600504, 1.319085601845561 ] ] ] } },
{ "type": "Feature", "properties": { "area": 314474.2963302955, "ID": 87 }, "geometry": { "type": "Polygon", "coordinates": [ [ [ 103.707094802747207, 1.321462752071296 ], [ 103.704549250538349, 1.321950575872202 ], [ 103.704330435615901, 1.322215013482341 ], [ 103.704213116727999, 1.327757486014609 ], [ 103.70759027105855, 1.327996953370189 ], [ 103.709311249868833, 1.324148677541121 ], [ 103.7075377473722, 1.321904868550333 ], [ 103.707094802747207, 1.321462752071296 ] ] ] } },
{ "type": "Feature", "properties": { "area": 457647.86718244618, "ID": 88 }, "geometry": { "type": "Polygon", "coordinates": [ [ [ 103.673634669420409, 1.324088766625023 ], [ 103.676174067360378, 1.327031880982763 ], [ 103.672777741526957, 1.327492572992917 ], [ 103.672703724050919, 1.329172766828631 ], [ 103.674991170026161, 1.329336019481016 ], [ 103.676408518018988, 1.328565601881366 ], [ 103.677425316318079, 1.327770133154041 ], [ 103.677340984322811, 1.327676919726915 ], [ 103.679351599809067, 1.327949251530044 ], [ 103.67951908411375, 1.327773334969493 ], [ 103.680964692704308, 1.322956468303631 ], [ 103.680488563228749, 1.322487637357797 ], [ 103.679050964336525, 1.321103618576366 ], [ 103.673634669420409, 1.324088766625023 ] ] ] } },
{ "type": "Feature", "properties": { "area": 279450.69414884382, "ID": 89 }, "geometry": { "type": "Polygon", "coordinates": [ [ [ 103.799166910877503, 1.298151194440983 ], [ 103.799145050867892, 1.297639133010448 ], [ 103.799140105407616, 1.29755762491584 ], [ 103.794676263792212, 1.301727798884504 ], [ 103.794676263792169, 1.301727798884535 ], [ 103.794218053078012, 1.302586188432076 ], [ 103.79457040738302, 1.303891559586403 ], [ 103.794633427473386, 1.303898498020827 ], [ 103.794633427473386, 1.303898498020828 ], [ 103.795612529784691, 1.304806820562141 ], [ 103.7966933893007, 1.304900179184101 ], [ 103.798798595651064, 1.305034687929034 ], [ 103.798999706804693, 1.301819335934558 ], [ 103.79914275441574, 1.298747686190298 ], [ 103.799166910877503, 1.298151194440983 ] ] ] } },
{ "type": "Feature", "properties": { "area": 335675.30523915763, "ID": 90 }, "geometry": { "type": "Polygon", "coordinates": [ [ [ 103.762426465590721, 1.30445052326071 ], [ 103.762426605855708, 1.304452819723647 ], [ 103.762432973561033, 1.304555108257918 ], [ 103.7624600152254, 1.304640211125831 ], [ 103.762648008765737, 1.305101581707645 ], [ 103.76264800876308, 1.305101581719398 ], [ 103.762164766367491, 1.307613557105685 ], [ 103.762512275567289, 1.307624618394503 ], [ 103.764815453477979, 1.307400607423931 ], [ 103.767233864033855, 1.306165758575563 ], [ 103.7667564350253, 1.301591508846921 ], [ 103.766818744418273, 1.299311935992462 ], [ 103.765802035856396, 1.299817869301262 ], [ 103.763553311535958, 1.302057469844031 ], [ 103.763551168014331, 1.302060358528864 ], [ 103.763544097632717, 1.302069886822726 ], [ 103.763493271694088, 1.302138401668393 ], [ 103.763493271692639, 1.302138401671391 ], [ 103.762659612444125, 1.30386142145133 ], [ 103.762473960687871, 1.304247254737698 ], [ 103.762439262313976, 1.304346239194971 ], [ 103.762426465590721, 1.30445052326071 ] ] ] } },
{ "type": "Feature", "properties": { "area": 197385.67388091382, "ID": 91 }, "geometry": { "type": "Polygon", "coordinates": [ [ [ 103.789998419071154, 1.299104746546767 ], [ 103.788241116597746, 1.29847182216069 ], [ 103.785796651179069, 1.300159162418844 ], [ 103.787275956880336, 1.303182821664247 ], [ 103.787338537166349, 1.303295779994316 ], [ 103.787428950749359, 1.303438342692488 ], [ 103.787492803504179, 1.303534689073983 ], [ 103.787497002253332, 1.30353639878403 ], [ 103.790374897002891, 1.301763462246342 ], [ 103.790651256481652, 1.301372266647522 ], [ 103.791284494755701, 1.300150115133756 ], [ 103.789998419071154, 1.299104746546767 ] ] ] } },
{ "type": "Feature", "properties": { "area": 1600574.0779326644, "ID": 92 }, "geometry": { "type": "Polygon", "coordinates": [ [ [ 103.783445453869561, 1.305036744992732 ], [ 103.783997319197297, 1.302706934750504 ], [ 103.784071856566612, 1.300929413842908 ], [ 103.783312578060659, 1.30100902899031 ], [ 103.779001314405306, 1.303501618764265 ], [ 103.77850718762511, 1.307121752258445 ], [ 103.780966568477794, 1.307700297485767 ], [ 103.780499148266216, 1.310246553634433 ], [ 103.784532570346229, 1.310523811033925 ], [ 103.786338803841716, 1.309554914907526 ], [ 103.786760533687925, 1.309521581213478 ], [ 103.786290712432461, 1.311841056787965 ], [ 103.784970502806161, 1.313245039194742 ], [ 103.785112073625939, 1.313418967207203 ], [ 103.785253657777488, 1.313592884234525 ], [ 103.785353079146489, 1.313715009953401 ], [ 103.788795941933998, 1.311939693669844 ], [ 103.7888236765708, 1.311921871079252 ], [ 103.788864492184942, 1.311895642503957 ], [ 103.78889196447733, 1.311872493869844 ], [ 103.788926057875713, 1.311843766174953 ], [ 103.788979462774279, 1.311782757823234 ], [ 103.788979462774307, 1.311782757823204 ], [ 103.791438427280937, 1.308519137291514 ], [ 103.791535965035308, 1.308308327144264 ], [ 103.791651003193266, 1.310073614361902 ], [ 103.791122830888568, 1.311231733498488 ], [ 103.791149747219393, 1.311304930857957 ], [ 103.791203070244009, 1.311361600786333 ], [ 103.79177451383562, 1.31196891170786 ], [ 103.79177451383562, 1.311968911707866 ], [ 103.791966991318972, 1.312173470173065 ], [ 103.792161195384622, 1.312376368824479 ], [ 103.792161195384622, 1.312376368824476 ], [ 103.792845368195913, 1.313091171922351 ], [ 103.793247238913438, 1.312156504356621 ], [ 103.79380862272032, 1.312967202809673 ], [ 103.794090267758662, 1.313113413594389 ], [ 103.79735309503549, 1.313964703423091 ], [ 103.798396393615704, 1.312881337794713 ], [ 103.797185707978926, 1.310006410296691 ], [ 103.796377796205348, 1.307368245536152 ], [ 103.796476433051922, 1.306930364030088 ], [ 103.795285682474173, 1.305091178092056 ], [ 103.792468152229986, 1.304894487956502 ], [ 103.791779175701592, 1.305143895053224 ], [ 103.791529857553485, 1.307407299522901 ], [ 103.791081260927442, 1.307189077481513 ], [ 103.791220615914398, 1.304833320914528 ], [ 103.787645895073723, 1.303718638441133 ], [ 103.786845322858014, 1.305099019424765 ], [ 103.784825102095013, 1.304066610189555 ], [ 103.784640649533614, 1.304338564762517 ], [ 103.783445453869561, 1.305036744992732 ] ] ] } },
{ "type": "Feature", "properties": { "area": 99342.389743582578, "ID": 93 }, "geometry": { "type": "Polygon", "coordinates": [ [ [ 103.814293794788952, 1.305630170145381 ], [ 103.814494847466094, 1.305604540083049 ], [ 103.811356732139885, 1.302328680327912 ], [ 103.808852089672996, 1.299138259468795 ], [ 103.807426225480413, 1.299416627073508 ], [ 103.807718223851126, 1.299740109569552 ], [ 103.811597360897679, 1.303945449148811 ], [ 103.813737482079858, 1.305467455134656 ], [ 103.813868451502501, 1.305528115757383 ], [ 103.814006128317288, 1.305591883007595 ], [ 103.814212962726529, 1.305622991103889 ], [ 103.814293794788952, 1.305630170145381 ] ] ] } },
{ "type": "Feature", "properties": { "area": 239088.56331327558, "ID": 95 }, "geometry": { "type": "Polygon", "coordinates": [ [ [ 103.80675522796092, 1.309786169418645 ], [ 103.807834265678167, 1.310294724813554 ], [ 103.814876935279329, 1.306599072957899 ], [ 103.813769156163517, 1.306453312835472 ], [ 103.807434437645085, 1.305797114816057 ], [ 103.80705491629864, 1.306762285966378 ], [ 103.80675522796092, 1.309786169418645 ] ] ] } },
{ "type": "Feature", "properties": { "area": 285426.21189496387, "ID": 96 }, "geometry": { "type": "Polygon", "coordinates": [ [ [ 103.806652539538746, 1.313063940368992 ], [ 103.803885346730439, 1.312008308563744 ], [ 103.804206199414352, 1.316699177622228 ], [ 103.80437742520364, 1.317397740011354 ], [ 103.806313196557198, 1.319142196038076 ], [ 103.806413315157585, 1.319147388487247 ], [ 103.807185335903853, 1.319170643326801 ], [ 103.808015833067117, 1.319174121162395 ], [ 103.809299589155785, 1.318904232456686 ], [ 103.809264946209737, 1.318652845777063 ], [ 103.806652539538746, 1.313063940368992 ] ] ] } },
{ "type": "Feature", "properties": { "area": 262.71778149693273, "ID": 97 }, "geometry": { "type": "Polygon", "coordinates": [ [ [ 103.842780100449374, 1.271381307188497 ], [ 103.843810542054399, 1.272539685062237 ], [ 103.843436103762798, 1.272087451195984 ], [ 103.842724239846092, 1.271305266408023 ], [ 103.842780100449374, 1.271381307188497 ] ] ] } },
{ "type": "Feature", "properties": { "area": 251263.93187108682, "ID": 98 }, "geometry": { "type": "Polygon", "coordinates": [ [ [ 103.861394919489143, 1.283981192502258 ], [ 103.861431990617717, 1.281080830347393 ], [ 103.859318294066156, 1.279408466490809 ], [ 103.857225316119468, 1.279013791454172 ], [ 103.857019834439654, 1.279971696316709 ], [ 103.856874054295844, 1.281032718162223 ], [ 103.857309960203509, 1.281718871079306 ], [ 103.860829514714439, 1.287054665379644 ], [ 103.861394919489143, 1.283981192502258 ] ] ] } },
{ "type": "Feature", "properties": { "area": 166819.06827598065, "ID": 99 }, "geometry": { "type": "Polygon", "coordinates": [ [ [ 103.860403209133352, 1.318105163518866 ], [ 103.856698581580204, 1.317693973560627 ], [ 103.856600101967985, 1.321549451418088 ], [ 103.858587385188784, 1.322120799548615 ], [ 103.859480621091677, 1.321241592215279 ], [ 103.860818439471743, 1.318619886044857 ], [ 103.860614503191613, 1.318359518461919 ], [ 103.860403209133352, 1.318105163518866 ] ] ] } },
{ "type": "Feature", "properties": { "area": 241976.57928003953, "ID": 100 }, "geometry": { "type": "Polygon", "coordinates": [ [ [ 103.720929135578402, 1.324061124483749 ], [ 103.724778665699247, 1.328858755866038 ], [ 103.729687410244139, 1.326081300939342 ], [ 103.729565725647433, 1.325857497861677 ], [ 103.725857558704433, 1.324801203843475 ], [ 103.72472023421237, 1.324543587180845 ], [ 103.723373532921102, 1.324245325237869 ], [ 103.720929135578402, 1.324061124483749 ] ] ] } },
{ "type": "Feature", "properties": { "area": 699066.09458438586, "ID": 101 }, "geometry": { "type": "Polygon", "coordinates": [ [ [ 103.719792739501415, 1.338626641699073 ], [ 103.722946535020952, 1.337478783945524 ], [ 103.723020957477715, 1.337462032082329 ], [ 103.725047482243397, 1.334471849835347 ], [ 103.725042570480369, 1.334253103473797 ], [ 103.725034860836615, 1.334034438890773 ], [ 103.724708003628876, 1.33354114603949 ], [ 103.72501059257408, 1.333346130920618 ], [ 103.724965982925568, 1.332037516983932 ], [ 103.724785951064064, 1.329388734908108 ], [ 103.722799755760036, 1.328062457740296 ], [ 103.720617619336878, 1.328582019822286 ], [ 103.718053216568848, 1.330739054929764 ], [ 103.719353759654808, 1.33366702005891 ], [ 103.718200345681325, 1.335425319702282 ], [ 103.718432521399933, 1.336140187441156 ], [ 103.717562690097992, 1.337419747104474 ], [ 103.718528251484372, 1.339053690037145 ], [ 103.719792739501415, 1.338626641699073 ] ] ] } },
{ "type": "Feature", "properties": { "area": 338953.57423188817, "ID": 102 }, "geometry": { "type": "Polygon", "coordinates": [ [ [ 103.700020920031065, 1.329192526492694 ], [ 103.698602563079817, 1.327763894403279 ], [ 103.698271999710713, 1.327764269536092 ], [ 103.696067839170297, 1.32999810455599 ], [ 103.693514232953135, 1.332121237388883 ], [ 103.696148919716691, 1.33429895715909 ], [ 103.696530207338554, 1.334680554638627 ], [ 103.700294609675069, 1.333321259315414 ], [ 103.700020920031065, 1.329192526492694 ] ] ] } },
{ "type": "Feature", "properties": { "area": 1139823.4686425042, "ID": 104 }, "geometry": { "type": "Polygon", "coordinates": [ [ [ 103.740306758376533, 1.336889909633993 ], [ 103.740594553482708, 1.337169742963141 ], [ 103.741505921600535, 1.336865373816903 ], [ 103.74174448125612, 1.336780916855068 ], [ 103.741885567347978, 1.336724682046897 ], [ 103.742021564220323, 1.336656965828159 ], [ 103.742151489421744, 1.336578156656309 ], [ 103.742376345852449, 1.336428973362839 ], [ 103.743485005341086, 1.336414565429459 ], [ 103.745518709389628, 1.336329087035375 ], [ 103.746540663797603, 1.338883592585301 ], [ 103.74774204236617, 1.339608985843669 ], [ 103.749155826770291, 1.338291094442744 ], [ 103.750196487029868, 1.33931244677706 ], [ 103.753360313574333, 1.337935872461127 ], [ 103.753745912094786, 1.337732863780596 ], [ 103.754581528034251, 1.337292931029842 ], [ 103.754589445578645, 1.33728876262096 ], [ 103.755413050053946, 1.336845210787341 ], [ 103.75541304957008, 1.336845210737985 ], [ 103.756547632013849, 1.336234181427101 ], [ 103.756864063717231, 1.336024068130194 ], [ 103.757273695024054, 1.335725687266188 ], [ 103.757273694824633, 1.335725687287892 ], [ 103.757968188043606, 1.335219809028385 ], [ 103.758179180345351, 1.335066119259895 ], [ 103.75830631546873, 1.334955762800426 ], [ 103.758355349636332, 1.334876742982452 ], [ 103.752695967523579, 1.336223895882999 ], [ 103.75106357708421, 1.336401554116874 ], [ 103.750598521834604, 1.336354117366477 ], [ 103.747735076936706, 1.332935540298088 ], [ 103.746723158345759, 1.333739124185188 ], [ 103.747007925533751, 1.331820023151916 ], [ 103.747048360815825, 1.331402026105837 ], [ 103.745641440301156, 1.329895790005122 ], [ 103.745539857338244, 1.32988304326704 ], [ 103.743963910716531, 1.33013658133979 ], [ 103.741650895171958, 1.330696672565112 ], [ 103.739523107481858, 1.330490322278739 ], [ 103.739200935489279, 1.332275343223576 ], [ 103.739353603685387, 1.334164679808116 ], [ 103.737837420971488, 1.33339247418187 ], [ 103.734065719609319, 1.338381067357344 ], [ 103.734055503601923, 1.338469655662797 ], [ 103.734045293609057, 1.338558244670637 ], [ 103.734740336207665, 1.338512252022225 ], [ 103.734826243486197, 1.338500491811679 ], [ 103.734910764836641, 1.338481171322478 ], [ 103.740156066885845, 1.337113163905051 ], [ 103.740306758376533, 1.336889909633993 ] ] ] } },
{ "type": "Feature", "properties": { "area": 770090.2466511504, "ID": 105 }, "geometry": { "type": "Polygon", "coordinates": [ [ [ 103.739391739062057, 1.33947046031073 ], [ 103.739344760885828, 1.339487466587083 ], [ 103.739344760885814, 1.339487466587082 ], [ 103.73456707661461, 1.340605774026355 ], [ 103.733646460349803, 1.34367718844975 ], [ 103.733145766287805, 1.343735163786904 ], [ 103.73186510932004, 1.343311108361451 ], [ 103.72818577723811, 1.34436404974338 ], [ 103.730160717354892, 1.349702393585396 ], [ 103.730229653894412, 1.349669078692059 ], [ 103.730296263092569, 1.349631270890831 ], [ 103.730310165296586, 1.349623379911707 ], [ 103.730310165296586, 1.349623379911707 ], [ 103.730365073520773, 1.349592213654256 ], [ 103.730934051468125, 1.349225232469186 ], [ 103.732940695799584, 1.347930978671712 ], [ 103.733115165349346, 1.347808755683097 ], [ 103.733301732026121, 1.347616999960988 ], [ 103.733365876960448, 1.347551070929945 ], [ 103.733365876960448, 1.347551070929943 ], [ 103.733479308436301, 1.347434484511354 ], [ 103.733483222533422, 1.347428916550415 ], [ 103.733500950000959, 1.34737272101578 ], [ 103.733804222268063, 1.346972281370737 ], [ 103.733957240291048, 1.346754606928667 ], [ 103.734830118119831, 1.345246802562749 ], [ 103.737252346587951, 1.346061774902374 ], [ 103.737461319079614, 1.34595047183424 ], [ 103.740759374964767, 1.343535804576708 ], [ 103.74129679645803, 1.343448035861861 ], [ 103.741358643160424, 1.343433483670149 ], [ 103.741417313727766, 1.343409287072703 ], [ 103.742382654213415, 1.342846675313027 ], [ 103.742431918289526, 1.342812798952421 ], [ 103.742537592410585, 1.342726816532508 ], [ 103.741791394735415, 1.341388003987277 ], [ 103.739618983318053, 1.339431947714298 ], [ 103.739571715178286, 1.339434292706229 ], [ 103.739480876170603, 1.339447890058844 ], [ 103.739391739062057, 1.33947046031073 ] ] ] } },
{ "type": "Feature", "properties": { "area": 904705.48106118222, "ID": 106 }, "geometry": { "type": "Polygon", "coordinates": [ [ [ 103.687125913299425, 1.342023517063376 ], [ 103.687167056378442, 1.342069550307997 ], [ 103.688366333137367, 1.34323784650484 ], [ 103.684676083851684, 1.341518386678477 ], [ 103.691670987904189, 1.347184396942389 ], [ 103.691395959994281, 1.345175315404235 ], [ 103.693747676558203, 1.343800900513365 ], [ 103.693849071733553, 1.344738760507272 ], [ 103.699545965831192, 1.344214470089396 ], [ 103.700057474762559, 1.342284423050396 ], [ 103.701042834860957, 1.340530671877862 ], [ 103.69951358700753, 1.337625275274017 ], [ 103.698880239823453, 1.336926236318536 ], [ 103.697103090400361, 1.337893313393063 ], [ 103.695717814268448, 1.338261795374672 ], [ 103.694322969371015, 1.340633050179797 ], [ 103.689530048677128, 1.339046235714318 ], [ 103.687109638407634, 1.341964520489123 ], [ 103.687125913299425, 1.342023517063376 ] ] ] } },
{ "type": "Feature", "properties": { "area": 429826.28893362498, "ID": 107 }, "geometry": { "type": "Polygon", "coordinates": [ [ [ 103.702686475216467, 1.337722529427271 ], [ 103.701784440477653, 1.340668952125549 ], [ 103.703672497222769, 1.343198725660441 ], [ 103.705840905353497, 1.342944212766497 ], [ 103.707446693502007, 1.343699585479812 ], [ 103.709639496356374, 1.340538286843725 ], [ 103.709486252625211, 1.340196259406585 ], [ 103.706658377839972, 1.337622406403424 ], [ 103.706251919618126, 1.337630027685675 ], [ 103.70543814305708, 1.336734957393797 ], [ 103.702686475216467, 1.337722529427271 ] ] ] } },
{ "type": "Feature", "properties": { "area": 310199.61581040715, "ID": 108 }, "geometry": { "type": "Polygon", "coordinates": [ [ [ 103.710494402533044, 1.347580113380455 ], [ 103.710537483176552, 1.347769138857775 ], [ 103.710629346079983, 1.348172043976062 ], [ 103.710684479801046, 1.34833935378869 ], [ 103.710769975868914, 1.348493205658478 ], [ 103.710882841928253, 1.348628159334845 ], [ 103.710884577372084, 1.348629567804973 ], [ 103.710884577372084, 1.348629567804974 ], [ 103.710935491326069, 1.348670889097015 ], [ 103.711019875627528, 1.34873937460696 ], [ 103.711383929737195, 1.348983500094052 ], [ 103.712834033194838, 1.349955861505025 ], [ 103.714570710866766, 1.347804792918622 ], [ 103.715485180372582, 1.347285827819847 ], [ 103.715547197179205, 1.347143399384384 ], [ 103.71562093344825, 1.346961046648225 ], [ 103.715686807538219, 1.346774737200821 ], [ 103.715745310658065, 1.346587190757261 ], [ 103.716161997056943, 1.34518495425041 ], [ 103.716201272596408, 1.345029059615047 ], [ 103.716228956394644, 1.344870408911375 ], [ 103.716242933826479, 1.34471002663774 ], [ 103.716243106000121, 1.344698212236499 ], [ 103.716245275752101, 1.344549325748781 ], [ 103.716234569694961, 1.344400813627731 ], [ 103.711249858435309, 1.342959661125106 ], [ 103.711032822358789, 1.346328508864242 ], [ 103.710494402533044, 1.347580113380455 ] ] ] } },
{ "type": "Feature", "properties": { "area": 815146.67567435058, "ID": 109 }, "geometry": { "type": "Polygon", "coordinates": [ [ [ 103.718766945676762, 1.346011577966144 ], [ 103.718649539434992, 1.346047582369386 ], [ 103.718602229262117, 1.346062090748892 ], [ 103.718553838964866, 1.346089650200014 ], [ 103.718383287193788, 1.346186783568248 ], [ 103.714830499203941, 1.348391608077275 ], [ 103.713981446499815, 1.349304326666526 ], [ 103.714553784574122, 1.350292616652925 ], [ 103.71718357223024, 1.352233308674915 ], [ 103.717287484441613, 1.352287333479387 ], [ 103.717287484441613, 1.352287333479386 ], [ 103.717304142530054, 1.352295994154531 ], [ 103.717304190751221, 1.35229601922511 ], [ 103.717706935191828, 1.352437057846229 ], [ 103.717831977299696, 1.352480846805244 ], [ 103.718335098166762, 1.35265703648631 ], [ 103.718485407352588, 1.352698442734458 ], [ 103.718485407352588, 1.352698442734455 ], [ 103.718821210484393, 1.352790947673512 ], [ 103.718977409197819, 1.3528306782275 ], [ 103.718977409205948, 1.352830678220424 ], [ 103.719232526068993, 1.352895569484547 ], [ 103.719815357855609, 1.353008889665249 ], [ 103.719918578692102, 1.353022920006111 ], [ 103.720483264579542, 1.353099675121373 ], [ 103.720896733349775, 1.353131735693958 ], [ 103.721051797845973, 1.353135849369605 ], [ 103.720419543776245, 1.351574543349789 ], [ 103.720439456214805, 1.351557199123438 ], [ 103.721347719840495, 1.351346805590405 ], [ 103.724969792793047, 1.352511911080091 ], [ 103.725326890171431, 1.35238523852944 ], [ 103.72567105826603, 1.352226398319275 ], [ 103.725960845772207, 1.35209265574302 ], [ 103.728235144457798, 1.350812108593214 ], [ 103.729129017573783, 1.349937861022822 ], [ 103.725951897849086, 1.346870608525357 ], [ 103.725948412757916, 1.346863035806564 ], [ 103.724986151664211, 1.345175358347587 ], [ 103.723460369492784, 1.346784604985447 ], [ 103.723350218745324, 1.346941238680198 ], [ 103.722266104192229, 1.348661420230462 ], [ 103.720959969830531, 1.34714824947586 ], [ 103.719761091860846, 1.347639701467151 ], [ 103.719426872236824, 1.346031803278201 ], [ 103.719330223472113, 1.34600341225623 ], [ 103.71923103347963, 1.345986036108299 ], [ 103.719072837346587, 1.345958323229078 ], [ 103.718926696003322, 1.345977086385044 ], [ 103.718926696003322, 1.345977086385043 ], [ 103.718901941852849, 1.345980264581183 ], [ 103.718845370505605, 1.345987527800058 ], [ 103.71877835123999, 1.34600808027697 ], [ 103.718766945676762, 1.346011577966144 ] ], [ [ 103.722690492215946, 1.349153078336191 ], [ 103.722700128259447, 1.349150114993101 ], [ 103.723677298551564, 1.348544661931515 ], [ 103.722752699331892, 1.349225145951395 ], [ 103.722690492215946, 1.349153078336191 ] ] ] } },
{ "type": "Feature", "properties": { "area": 614007.61695319531, "ID": 110 }, "geometry": { "type": "Polygon", "coordinates": [ [ [ 103.788722067873849, 1.320165704410254 ], [ 103.788963175194496, 1.319507979631662 ], [ 103.789525428747254, 1.315518386352456 ], [ 103.787432124076219, 1.315192978443482 ], [ 103.783442998739488, 1.31649217129002 ], [ 103.782585226293307, 1.319000745974975 ], [ 103.781641509462517, 1.318954732445916 ], [ 103.777424968283469, 1.319759293080395 ], [ 103.779606812032554, 1.318180367639157 ], [ 103.779695984101764, 1.318115439047375 ], [ 103.779872625921953, 1.317978021826715 ], [ 103.780169829931907, 1.317746801245168 ], [ 103.780235334192511, 1.317695839831638 ], [ 103.780299985354091, 1.317643786567692 ], [ 103.777353025027068, 1.315539106808597 ], [ 103.776364247378368, 1.31577321336471 ], [ 103.776201223562595, 1.317067040214697 ], [ 103.776076227337867, 1.31888685820251 ], [ 103.776941670910688, 1.31985151132857 ], [ 103.774501514321074, 1.320317119003345 ], [ 103.775096450604977, 1.320609684554211 ], [ 103.775736507838801, 1.320739525263588 ], [ 103.782576089297578, 1.322101373052917 ], [ 103.782701959145712, 1.319229431574874 ], [ 103.788722067873849, 1.320165704410254 ] ] ] } },
{ "type": "Feature", "properties": { "area": 471620.1134972095, "ID": 111 }, "geometry": { "type": "Polygon", "coordinates": [ [ [ 103.815952620284705, 1.323310063421444 ], [ 103.812988500453358, 1.322066733609369 ], [ 103.811038927890777, 1.320950557795862 ], [ 103.808846696120312, 1.320845991162265 ], [ 103.80754164723578, 1.321758587579183 ], [ 103.80633792104797, 1.321646971590835 ], [ 103.806248592212768, 1.322878382342624 ], [ 103.806150231931881, 1.32691469564428 ], [ 103.806575004943596, 1.326649258443473 ], [ 103.811299718707886, 1.324926867710941 ], [ 103.813760190714746, 1.326498001429023 ], [ 103.814084348561906, 1.326026655069068 ], [ 103.814094307690283, 1.326113460695842 ], [ 103.815040756393699, 1.326005332636612 ], [ 103.814903056686148, 1.324836199792009 ], [ 103.815952620284705, 1.323310063421444 ] ] ] } },
{ "type": "Feature", "properties": { "area": 247018.61487568566, "ID": 112 }, "geometry": { "type": "Polygon", "coordinates": [ [ [ 103.805102484078418, 1.333669974917449 ], [ 103.805143224128003, 1.334634253829336 ], [ 103.808192907643786, 1.333493021592864 ], [ 103.810735650377794, 1.331993932057542 ], [ 103.81068390051442, 1.331593869930409 ], [ 103.809446680136872, 1.330477682197796 ], [ 103.80884518203716, 1.328965876823674 ], [ 103.806462124726991, 1.328433518365448 ], [ 103.805102151967461, 1.333562934928958 ], [ 103.805102484078418, 1.333669974917449 ] ] ] } },
{ "type": "Feature", "properties": { "area": 253975.76916456455, "ID": 113 }, "geometry": { "type": "Polygon", "coordinates": [ [ [ 103.793441755147541, 1.326916702430988 ], [ 103.79271838781662, 1.3279417570184 ], [ 103.79260178893206, 1.328270683324252 ], [ 103.792440978684269, 1.332658133747863 ], [ 103.797683183008587, 1.330816265412301 ], [ 103.798427430921237, 1.330552376052939 ], [ 103.795138063324572, 1.327067520344881 ], [ 103.793441755147541, 1.326916702430988 ] ] ] } },
{ "type": "Feature", "properties": { "area": 72537.36021545541, "ID": 115 }, "geometry": { "type": "Polygon", "coordinates": [ [ [ 103.791039406269036, 1.334293692613035 ], [ 103.789577214674622, 1.335459999185189 ], [ 103.789559785359643, 1.33558247663275 ], [ 103.789580680463558, 1.336017437662148 ], [ 103.789969987717356, 1.33916086971423 ], [ 103.791385845157194, 1.337367003026857 ], [ 103.791534296184764, 1.336575192301745 ], [ 103.791039406269036, 1.334293692613035 ] ] ] } },
{ "type": "Feature", "properties": { "area": 124313.76574119966, "ID": 116 }, "geometry": { "type": "Polygon", "coordinates": [ [ [ 103.784237669929666, 1.335840437064775 ], [ 103.784230632498634, 1.335840436923275 ], [ 103.784125191799774, 1.335875796811783 ], [ 103.782747352460675, 1.336356883496444 ], [ 103.781427295089912, 1.336892090751609 ], [ 103.782197918895605, 1.33962092006266 ], [ 103.783737832905203, 1.341177399272137 ], [ 103.783879684671092, 1.341074811574802 ], [ 103.784082685671777, 1.340273690825572 ], [ 103.784454216519919, 1.336849796819964 ], [ 103.784449689881455, 1.33678885811934 ], [ 103.784237669929666, 1.335840437064775 ] ] ] } },
{ "type": "Feature", "properties": { "area": 860209.05742414354, "ID": 117 }, "geometry": { "type": "Polygon", "coordinates": [ [ [ 103.771706561939823, 1.338550693817249 ], [ 103.771660354819119, 1.33864454399854 ], [ 103.771247733985831, 1.341373166020146 ], [ 103.770707918734729, 1.342209746878879 ], [ 103.770780242816571, 1.343336957518523 ], [ 103.77233997504834, 1.344894821499494 ], [ 103.773030742473878, 1.344961207067245 ], [ 103.773354731614404, 1.345599813428695 ], [ 103.774493316538994, 1.346311619745096 ], [ 103.775929901822792, 1.346523943046289 ], [ 103.776695179805102, 1.343224006464476 ], [ 103.776555871193324, 1.342639788669102 ], [ 103.776833453635945, 1.342404506069196 ], [ 103.776993460030582, 1.342438468037093 ], [ 103.777085016448339, 1.342785713049421 ], [ 103.779757973547262, 1.342868270886196 ], [ 103.780826334621821, 1.342158357926876 ], [ 103.780923056404617, 1.33676860356995 ], [ 103.778709985671497, 1.335526990948161 ], [ 103.778232379805985, 1.335438186077943 ], [ 103.775172740506264, 1.335533044855604 ], [ 103.775978704597279, 1.33858981610896 ], [ 103.771706561939823, 1.338550693817249 ] ] ] } },
{ "type": "Feature", "properties": { "area": 571931.698810503, "ID": 118 }, "geometry": { "type": "Polygon", "coordinates": [ [ [ 103.769118598783791, 1.379091065243492 ], [ 103.771094279750486, 1.380760000268414 ], [ 103.773094809382982, 1.383391488163009 ], [ 103.775044686985339, 1.379214375843832 ], [ 103.775044686985353, 1.379214375843812 ], [ 103.775086321311349, 1.379019453306133 ], [ 103.775086321311349, 1.37901945330612 ], [ 103.775285819698524, 1.378085446287306 ], [ 103.775253722831792, 1.377977769489422 ], [ 103.775170994218925, 1.37784868370599 ], [ 103.774864351682822, 1.377576513196174 ], [ 103.774587895424503, 1.375779374096683 ], [ 103.771666784108206, 1.375037992272955 ], [ 103.773782623505909, 1.373107098371875 ], [ 103.773873605928287, 1.373020020292749 ], [ 103.773960499781026, 1.372915314000103 ], [ 103.774040654286622, 1.372802023426233 ], [ 103.774132182812806, 1.372638745678103 ], [ 103.774648709120825, 1.371668545647645 ], [ 103.775005154215179, 1.370925527726824 ], [ 103.775193782139198, 1.370271210900411 ], [ 103.775325732862129, 1.369187708665275 ], [ 103.775335838573099, 1.369047098323072 ], [ 103.773411708967728, 1.370381331997781 ], [ 103.773387776374605, 1.370398006714515 ], [ 103.76998320164607, 1.373200664212662 ], [ 103.769904902592259, 1.375564584154192 ], [ 103.769946116928068, 1.375574365071959 ], [ 103.769118598783791, 1.379091065243492 ] ] ] } },
{ "type": "Feature", "properties": { "area": 785557.28620183561, "ID": 119 }, "geometry": { "type": "Polygon", "coordinates": [ [ [ 103.7063510832443, 1.345287322678855 ], [ 103.703160980658907, 1.346143324101081 ], [ 103.701062886502172, 1.349552830487862 ], [ 103.702054006262358, 1.347031480231915 ], [ 103.701903260772269, 1.3464521480896 ], [ 103.696726704816598, 1.345121146129706 ], [ 103.694952064115938, 1.347194181471405 ], [ 103.695933487109144, 1.350474868556438 ], [ 103.699641986801055, 1.351795093221334 ], [ 103.700567857605606, 1.350630222746219 ], [ 103.701295429292855, 1.352637906935146 ], [ 103.705032448396238, 1.352568349664407 ], [ 103.707042361788638, 1.348347338267935 ], [ 103.7063510832443, 1.345287322678855 ] ] ] } },
{ "type": "Feature", "properties": { "area": 600092.35427939333, "ID": 120 }, "geometry": { "type": "Polygon", "coordinates": [ [ [ 103.752837978154275, 1.346571711629652 ], [ 103.753004332310027, 1.34940224743843 ], [ 103.755534087824074, 1.351703120985236 ], [ 103.760620850196815, 1.349728177575129 ], [ 103.759808094932353, 1.347789363828406 ], [ 103.760579976873231, 1.346608484651673 ], [ 103.758960887765198, 1.342470261277063 ], [ 103.754840043921348, 1.344131361045744 ], [ 103.753630434809807, 1.346144477709126 ], [ 103.752837978154275, 1.346571711629652 ] ] ] } },
{ "type": "Feature", "properties": { "area": 864802.49755334738, "ID": 121 }, "geometry": { "type": "Polygon", "coordinates": [ [ [ 103.739545449938802, 1.349289897037422 ], [ 103.739050520421983, 1.349796288698152 ], [ 103.739580270340653, 1.350314831372318 ], [ 103.74430639967342, 1.351927331903673 ], [ 103.744418560923023, 1.351962485980285 ], [ 103.744556275094681, 1.351992660062183 ], [ 103.744689180678236, 1.35201795880882 ], [ 103.744768864530911, 1.352031270595355 ], [ 103.745317037976889, 1.3517079484363 ], [ 103.745323276686122, 1.351669696331434 ], [ 103.745329338222234, 1.35163141538287 ], [ 103.745368636127836, 1.351383233850367 ], [ 103.745382242267368, 1.351251289123554 ], [ 103.74546726873966, 1.350381720103587 ], [ 103.746642061439616, 1.347909736396616 ], [ 103.747426035694787, 1.349832963834221 ], [ 103.746769780410958, 1.35234265706957 ], [ 103.747909620882112, 1.353872115693227 ], [ 103.749918838484135, 1.35185027229896 ], [ 103.74992485965619, 1.35128703127564 ], [ 103.752768684513114, 1.349557507848961 ], [ 103.752776718126583, 1.349529835324915 ], [ 103.752437488121288, 1.346571120480189 ], [ 103.751259896888527, 1.345331337817612 ], [ 103.746325859172998, 1.345034057368592 ], [ 103.746256268239563, 1.345501694104166 ], [ 103.742681275521591, 1.346413786692095 ], [ 103.73953988802684, 1.346643263893501 ], [ 103.739561014520049, 1.348846919521875 ], [ 103.74015948224509, 1.348952008046778 ], [ 103.739545449938802, 1.349289897037422 ] ] ] } },
{ "type": "Feature", "properties": { "area": 480984.36890311632, "ID": 122 }, "geometry": { "type": "Polygon", "coordinates": [ [ [ 103.745022884457327, 1.353076129042311 ], [ 103.745022884457327, 1.353076129042311 ], [ 103.745121839402913, 1.352852065139168 ], [ 103.745239367007599, 1.352193179416677 ], [ 103.741898563827064, 1.352879368477983 ], [ 103.739572360609614, 1.351382623681064 ], [ 103.738785966528695, 1.353476017355456 ], [ 103.737970698923831, 1.357835703594841 ], [ 103.741873890529632, 1.358948193193188 ], [ 103.742417948505434, 1.359007677952247 ], [ 103.742594960222235, 1.357672650492102 ], [ 103.743336515010668, 1.35776384535876 ], [ 103.745719652430594, 1.356438715110689 ], [ 103.745022884457327, 1.353076129042311 ] ] ] } },
{ "type": "Feature", "properties": { "area": 60066.295054373215, "ID": 123 }, "geometry": { "type": "Polygon", "coordinates": [ [ [ 103.767598519680789, 1.358420033055161 ], [ 103.767331960007098, 1.360679769481599 ], [ 103.768005463901261, 1.360913601860495 ], [ 103.768796445991953, 1.360344590533143 ], [ 103.769104165896906, 1.359560985307641 ], [ 103.769384176359708, 1.357620390618379 ], [ 103.768119710304063, 1.357572135665264 ], [ 103.768062794651001, 1.357601031408546 ], [ 103.767639645654342, 1.358193660827027 ], [ 103.767598519680789, 1.358420033055161 ] ] ] } },
{ "type": "Feature", "properties": { "area": 564486.98009144433, "ID": 124 }, "geometry": { "type": "Polygon", "coordinates": [ [ [ 103.751397519456575, 1.363823283205332 ], [ 103.75141279023596, 1.363449815441945 ], [ 103.753094322591124, 1.357293243449331 ], [ 103.751366599833432, 1.356957579028427 ], [ 103.751229400961336, 1.355735791398661 ], [ 103.747354667819224, 1.355522829028117 ], [ 103.746399163979945, 1.35640351136265 ], [ 103.747949276963638, 1.361588794347073 ], [ 103.747891746768317, 1.361939113494681 ], [ 103.748358992561947, 1.362448657867495 ], [ 103.748351260181806, 1.362644501652196 ], [ 103.748352872254927, 1.362713070922006 ], [ 103.74836352281514, 1.362780792608403 ], [ 103.748748013573078, 1.365224388928942 ], [ 103.74983218741707, 1.367953929292609 ], [ 103.749889733994607, 1.367903993986886 ], [ 103.749944846554868, 1.367851350878418 ], [ 103.750399389891925, 1.367417174314621 ], [ 103.750496007404294, 1.367306675998044 ], [ 103.750628061040715, 1.367129375939839 ], [ 103.750896329293013, 1.366714225880562 ], [ 103.751080215918464, 1.366324896829258 ], [ 103.751218314087296, 1.365916842805734 ], [ 103.751307958412355, 1.365459577138469 ], [ 103.751337694803766, 1.365267577620082 ], [ 103.751393631928238, 1.363917136502159 ], [ 103.751397519456575, 1.363823283205332 ] ] ] } },
{ "type": "Feature", "properties": { "area": 106224.38951757737, "ID": 126 }, "geometry": { "type": "Polygon", "coordinates": [ [ [ 103.71938342460065, 1.374448438580039 ], [ 103.716104859469155, 1.37404832795918 ], [ 103.716957896705452, 1.379418260096682 ], [ 103.71938342460065, 1.374448438580039 ] ] ] } },
{ "type": "Feature", "properties": { "area": 300719.466462499, "ID": 127 }, "geometry": { "type": "Polygon", "coordinates": [ [ [ 103.767156854700559, 1.360548163043026 ], [ 103.763384320563503, 1.358657566155791 ], [ 103.761815068991339, 1.361755564624757 ], [ 103.762248174010267, 1.364666823114305 ], [ 103.765138950117958, 1.365007512224063 ], [ 103.766455505300172, 1.363790027488637 ], [ 103.767219483009384, 1.36190383695147 ], [ 103.767156854700559, 1.360548163043026 ] ] ] } },
{ "type": "Feature", "properties": { "area": 151590.33695315733, "ID": 128 }, "geometry": { "type": "Polygon", "coordinates": [ [ [ 103.743924032927168, 1.364920650952299 ], [ 103.744110828671538, 1.365143145497417 ], [ 103.744316858949347, 1.365371257544384 ], [ 103.744638769762275, 1.365686630883272 ], [ 103.749642188599978, 1.37016639149882 ], [ 103.749731595554394, 1.368041216584621 ], [ 103.747068326518175, 1.365148976912383 ], [ 103.743140666226751, 1.363950049009209 ], [ 103.743512202684968, 1.364413415007161 ], [ 103.743924032927168, 1.364920650952299 ] ] ] } },
{ "type": "Feature", "properties": { "area": 1917765.2101421657, "ID": 129 }, "geometry": { "type": "Polygon", "coordinates": [ [ [ 103.745362028232549, 1.380079780804637 ], [ 103.742262107876456, 1.378584993530955 ], [ 103.742073598450247, 1.376239553209385 ], [ 103.735028456149635, 1.375830175702206 ], [ 103.734984871367772, 1.376392503757365 ], [ 103.736586545575918, 1.378825722666407 ], [ 103.736623282252026, 1.37886877385279 ], [ 103.737008472279342, 1.379320172426087 ], [ 103.739471984978351, 1.381705694166397 ], [ 103.740098396868461, 1.381533183515845 ], [ 103.741471442871955, 1.382835593093558 ], [ 103.740936799030692, 1.38312018515885 ], [ 103.742041816745484, 1.385603947650307 ], [ 103.745927545011796, 1.388131698022394 ], [ 103.748411699497865, 1.385092561412643 ], [ 103.748590841143653, 1.383209377176942 ], [ 103.752159606825202, 1.382843024134726 ], [ 103.752257204517889, 1.382830804394524 ], [ 103.752596215848598, 1.382742977279251 ], [ 103.754107413513324, 1.382246433300584 ], [ 103.754114352423628, 1.382247854884135 ], [ 103.754537231755691, 1.382105205144163 ], [ 103.754537237663868, 1.382105203202877 ], [ 103.75499966153545, 1.381949213865246 ], [ 103.756365244536141, 1.380541415593707 ], [ 103.75607000905346, 1.379812814573073 ], [ 103.755644577947379, 1.379100571769259 ], [ 103.757153909814264, 1.377878169828369 ], [ 103.757058480418294, 1.377658194984715 ], [ 103.752902254589614, 1.375096331046899 ], [ 103.752650617218961, 1.375692692127047 ], [ 103.7507695313043, 1.374943262897705 ], [ 103.750122393566741, 1.375234512120876 ], [ 103.750194213353865, 1.37449393562773 ], [ 103.746368818870124, 1.371018494057531 ], [ 103.744486679947499, 1.375663825211475 ], [ 103.743423511787881, 1.376299627890406 ], [ 103.744914074015142, 1.377772324660975 ], [ 103.745693648809905, 1.378439922072769 ], [ 103.746087303899571, 1.378376930659805 ], [ 103.745817827348091, 1.379880686080059 ], [ 103.748543548247554, 1.380913834693119 ], [ 103.747858389262092, 1.382743763934825 ], [ 103.745410608673467, 1.382376149147648 ], [ 103.745362028232549, 1.380079780804637 ] ] ] } },
{ "type": "Feature", "properties": { "area": 888962.17107900442, "ID": 130 }, "geometry": { "type": "Polygon", "coordinates": [ [ [ 103.765045354332841, 1.38111630995473 ], [ 103.765173225801263, 1.381111827228408 ], [ 103.765264013679698, 1.381104658356141 ], [ 103.765462841338149, 1.381081949025186 ], [ 103.765591976945984, 1.381058213317413 ], [ 103.765719550673481, 1.381028153971672 ], [ 103.765933700810038, 1.380966691434923 ], [ 103.76601260755892, 1.380937655284809 ], [ 103.766159557495854, 1.380883008908349 ], [ 103.766342468725, 1.38080052643947 ], [ 103.766464620385349, 1.380742311503005 ], [ 103.766542579764234, 1.380696848262554 ], [ 103.766808102303003, 1.380536189910756 ], [ 103.767202007304988, 1.380292658487441 ], [ 103.767597140767293, 1.380047078303752 ], [ 103.768009722932447, 1.379787831144198 ], [ 103.766721655669727, 1.378776347514154 ], [ 103.766784948063702, 1.378709904154677 ], [ 103.76710544612024, 1.377302580462321 ], [ 103.762798526365799, 1.373808416143005 ], [ 103.760918629990172, 1.377382871223694 ], [ 103.758400247621253, 1.37846052263728 ], [ 103.758011044711253, 1.384475809317306 ], [ 103.75743044231919, 1.385218142537074 ], [ 103.757217505899774, 1.385509103158268 ], [ 103.759038976527577, 1.387019608208966 ], [ 103.759176785056781, 1.387129837714503 ], [ 103.759176654113702, 1.387129902435298 ], [ 103.759341905277125, 1.387209180604471 ], [ 103.759501366222722, 1.387246349422442 ], [ 103.76411706382504, 1.388180651587906 ], [ 103.764200385346726, 1.388191136381064 ], [ 103.76426839114086, 1.388184630159395 ], [ 103.764308985172818, 1.388180286051018 ], [ 103.764372763300472, 1.388170678977115 ], [ 103.764419763330466, 1.388158810649457 ], [ 103.764471607528904, 1.388139594515153 ], [ 103.764517379372833, 1.388117304637951 ], [ 103.764591057222063, 1.388068485313775 ], [ 103.764802530544031, 1.387902989864394 ], [ 103.764173501115934, 1.385049497707445 ], [ 103.762985709863429, 1.385247208541208 ], [ 103.759176991304798, 1.387129735772985 ], [ 103.762627379796399, 1.382541107170553 ], [ 103.762697624636075, 1.382395189444007 ], [ 103.762414489053029, 1.382289958690038 ], [ 103.763853389565753, 1.38110896859153 ], [ 103.764853758019157, 1.381115668538883 ], [ 103.765045354332841, 1.38111630995473 ] ] ] } },
{ "type": "Feature", "properties": { "area": 628499.19725099299, "ID": 131 }, "geometry": { "type": "Polygon", "coordinates": [ [ [ 103.767232402528023, 1.382183603198656 ], [ 103.767141387880216, 1.382224038288617 ], [ 103.766872951653212, 1.382396071781669 ], [ 103.766423919138475, 1.382700787268081 ], [ 103.764508251443573, 1.384581949616631 ], [ 103.764434344774855, 1.384663022257851 ], [ 103.764364860403106, 1.38475412780541 ], [ 103.764269172058746, 1.384897551460777 ], [ 103.76610740714257, 1.386712766040159 ], [ 103.765487647280139, 1.387670391087046 ], [ 103.766886560549423, 1.390097406666837 ], [ 103.769606486377484, 1.389318979901583 ], [ 103.769708524965466, 1.389278357036495 ], [ 103.769805807930197, 1.389225793651929 ], [ 103.770035984316394, 1.389084810854389 ], [ 103.770849020131024, 1.388577179615028 ], [ 103.771621493690091, 1.388068778846597 ], [ 103.771648930849835, 1.388077742729487 ], [ 103.77202991911922, 1.387839866491454 ], [ 103.772029919144032, 1.387839866499467 ], [ 103.772189672821156, 1.387740121662855 ], [ 103.772259296992161, 1.387666855781933 ], [ 103.772288186174393, 1.387629997522171 ], [ 103.772288186175203, 1.387629997521638 ], [ 103.772306754461638, 1.387606307175067 ], [ 103.772320617148253, 1.387579552517466 ], [ 103.772344735259836, 1.387533005130297 ], [ 103.772376381072874, 1.38743741193769 ], [ 103.772880993981445, 1.385117838198981 ], [ 103.772923509345375, 1.384793381831231 ], [ 103.772923509337431, 1.384793381819718 ], [ 103.772982129609545, 1.384346020606009 ], [ 103.771517350595204, 1.382759960282855 ], [ 103.769726915719303, 1.380170843757286 ], [ 103.769541651078015, 1.380293287987659 ], [ 103.767232402528023, 1.382183603198656 ] ], [ [ 103.768697185602306, 1.384688751290451 ], [ 103.768860252000238, 1.385098354581984 ], [ 103.768378379185847, 1.385143884756009 ], [ 103.76829388221995, 1.383999000902918 ], [ 103.768697185602306, 1.384688751290451 ] ] ] } },
{ "type": "Feature", "properties": { "area": 706740.86909376294, "ID": 132 }, "geometry": { "type": "Polygon", "coordinates": [ [ [ 103.747654628270183, 1.400691363747205 ], [ 103.748830987953994, 1.401400622661564 ], [ 103.749450923986373, 1.400184336204468 ], [ 103.751233872805074, 1.396429094403569 ], [ 103.750238045537372, 1.395307918681537 ], [ 103.746027794727283, 1.393320117397078 ], [ 103.746497857343726, 1.391941021946058 ], [ 103.745150603046312, 1.390808958510065 ], [ 103.743762251012512, 1.389958291067942 ], [ 103.74264838333967, 1.389527015478693 ], [ 103.742586326037582, 1.389508254609015 ], [ 103.742499452502102, 1.389495781020494 ], [ 103.742403258791342, 1.389501994860912 ], [ 103.742322578922582, 1.389533255774367 ], [ 103.742229508135523, 1.389570733768218 ], [ 103.742155039724622, 1.389627006291517 ], [ 103.740227658711859, 1.391231899780524 ], [ 103.740238023003201, 1.39128594248672 ], [ 103.740249733586339, 1.391339705958775 ], [ 103.740289839805627, 1.391523834228617 ], [ 103.74038200296043, 1.391813940635138 ], [ 103.740468394295604, 1.392043108286447 ], [ 103.740556243956547, 1.392231685490593 ], [ 103.74072038054949, 1.392531933526268 ], [ 103.741250526447999, 1.393369585079579 ], [ 103.744206346824342, 1.39503641237545 ], [ 103.744254376528559, 1.395061305750625 ], [ 103.743169494779849, 1.396735424935706 ], [ 103.745356033652087, 1.398884343823399 ], [ 103.745417089268614, 1.398942352449405 ], [ 103.747654628270183, 1.400691363747205 ] ] ] } },
{ "type": "Feature", "properties": { "area": 220119.9774775859, "ID": 133 }, "geometry": { "type": "Polygon", "coordinates": [ [ [ 103.755248329536897, 1.407450181131438 ], [ 103.755751461463092, 1.409895824974961 ], [ 103.758969530389862, 1.408759015987673 ], [ 103.759656665087519, 1.408247719508128 ], [ 103.760687058509376, 1.406943950007315 ], [ 103.757558643113057, 1.404548099714029 ], [ 103.756175949051396, 1.404835598662906 ], [ 103.755248329536897, 1.407450181131438 ] ] ] } },
{ "type": "Feature", "properties": { "area": 135441.0813141875, "ID": 134 }, "geometry": { "type": "Polygon", "coordinates": [ [ [ 103.771856584889605, 1.408800374827465 ], [ 103.763912002535832, 1.410442072736364 ], [ 103.769380909019475, 1.411064739153348 ], [ 103.77160949569685, 1.41119091281618 ], [ 103.772878372423335, 1.40996103648531 ], [ 103.771856584889605, 1.408800374827465 ] ] ] } },
{ "type": "Feature", "properties": { "area": 225818.55177291349, "ID": 135 }, "geometry": { "type": "Polygon", "coordinates": [ [ [ 103.762546198847176, 1.427675439256727 ], [ 103.762419159714568, 1.427928727735541 ], [ 103.762053768427549, 1.428663581991174 ], [ 103.761928342540671, 1.428954563891776 ], [ 103.761831795545874, 1.429553136238303 ], [ 103.76161917799574, 1.431548310083788 ], [ 103.76166784632133, 1.434205142073055 ], [ 103.762807239170172, 1.435255216417866 ], [ 103.765292134719644, 1.430969313801459 ], [ 103.765130693047539, 1.430614814473683 ], [ 103.763095502333812, 1.426761806351646 ], [ 103.76294103862692, 1.426987110932476 ], [ 103.762798647413163, 1.427220332122145 ], [ 103.762790429199555, 1.427233792652808 ], [ 103.762638941704267, 1.427502270793477 ], [ 103.762546198847176, 1.427675439256727 ] ] ] } },
{ "type": "Feature", "properties": { "area": 246719.83933930472, "ID": 136 }, "geometry": { "type": "Polygon", "coordinates": [ [ [ 103.750300431965982, 1.4348568680964 ], [ 103.754553373368211, 1.438281058818518 ], [ 103.75780375739923, 1.43658900425398 ], [ 103.755277702554764, 1.433860470769936 ], [ 103.753462059029914, 1.433655845193922 ], [ 103.750843831598161, 1.433749518055953 ], [ 103.750300431965982, 1.4348568680964 ] ] ] } },
{ "type": "Feature", "properties": { "area": 1376643.0861207477, "ID": 137 }, "geometry": { "type": "Polygon", "coordinates": [ [ [ 103.786339720394267, 1.438820227677744 ], [ 103.786496487233748, 1.438862919688487 ], [ 103.788640869210582, 1.438126268671511 ], [ 103.789061437530918, 1.435039835780613 ], [ 103.788314502016945, 1.43432279740736 ], [ 103.786122190500734, 1.434354426221917 ], [ 103.782122593415039, 1.433776382790694 ], [ 103.781839492787981, 1.432319168805813 ], [ 103.785002945356936, 1.431491165167545 ], [ 103.784279042218898, 1.429482605886677 ], [ 103.783689249233205, 1.429171432127312 ], [ 103.78367957691114, 1.429166564883615 ], [ 103.780056363601304, 1.427400882324027 ], [ 103.776535969530968, 1.42916597859774 ], [ 103.778088679252619, 1.431316188214715 ], [ 103.777501660383876, 1.431577693038855 ], [ 103.776356572379314, 1.430804809230293 ], [ 103.776129562465485, 1.429167296123282 ], [ 103.775443804704082, 1.428478747707925 ], [ 103.771968103985813, 1.428059574882673 ], [ 103.769246391085133, 1.431479634990753 ], [ 103.772164860114245, 1.435841001850713 ], [ 103.772767244898134, 1.435377810672497 ], [ 103.775658010143175, 1.434853303721591 ], [ 103.776546024514758, 1.434263556177062 ], [ 103.777627542140578, 1.433192995854972 ], [ 103.779419312317387, 1.434229240024969 ], [ 103.779419312317899, 1.43422924002526 ], [ 103.77941931231797, 1.434229240025261 ], [ 103.781628985591993, 1.434282916891575 ], [ 103.781629444873076, 1.435240034366248 ], [ 103.782030953439261, 1.438426833198827 ], [ 103.784253225231296, 1.439763407499421 ], [ 103.785966888697118, 1.439323254642467 ], [ 103.786260011022506, 1.438938215755993 ], [ 103.786339720394267, 1.438820227677744 ] ] ] } },
{ "type": "Feature", "properties": { "area": 3086909.3129484341, "ID": 138 }, "geometry": { "type": "Polygon", "coordinates": [ [ [ 103.79646634690279, 1.448580249024312 ], [ 103.797447481331588, 1.448595361358905 ], [ 103.797640345219136, 1.449131842279606 ], [ 103.79731634132277, 1.449247136368061 ], [ 103.795468879352541, 1.450547823574337 ], [ 103.795126000651678, 1.451375254169645 ], [ 103.795604212406943, 1.452735517634576 ], [ 103.794538934146829, 1.452511583334013 ], [ 103.794849344031746, 1.45318265470008 ], [ 103.797314687427459, 1.454498226508227 ], [ 103.799399435670722, 1.45549792513157 ], [ 103.799491765066719, 1.455542199750991 ], [ 103.799586163814155, 1.455502590841548 ], [ 103.798764320397538, 1.454530106513315 ], [ 103.798842602717485, 1.454566944867913 ], [ 103.799361748703575, 1.454391978534371 ], [ 103.800840818627123, 1.451294855278384 ], [ 103.800840269082357, 1.451159254703879 ], [ 103.800800493599624, 1.45102407407986 ], [ 103.803426754251859, 1.450630691240576 ], [ 103.803452505979948, 1.450201239538854 ], [ 103.809516896061723, 1.446624646833384 ], [ 103.809712652041412, 1.445065440487739 ], [ 103.807086876532821, 1.444494981460388 ], [ 103.804539627022763, 1.444708329912345 ], [ 103.803613148556863, 1.4459989159615 ], [ 103.802903787112925, 1.444356316472304 ], [ 103.801252650948172, 1.444567052067616 ], [ 103.801215303857703, 1.444207524609253 ], [ 103.80490560892693, 1.442771644055942 ], [ 103.804875811099805, 1.442694959245453 ], [ 103.809053737905614, 1.443239103657843 ], [ 103.809291715506745, 1.438990089391787 ], [ 103.808867384245474, 1.43850499973722 ], [ 103.808441203053576, 1.438021555583697 ], [ 103.805976313170575, 1.438026770515586 ], [ 103.805543208915338, 1.439305744325038 ], [ 103.804805683733363, 1.442514486226905 ], [ 103.803889999659859, 1.440157970117156 ], [ 103.804890801341756, 1.439576444758727 ], [ 103.803580331553036, 1.436914813482858 ], [ 103.801716209115497, 1.435606882223355 ], [ 103.800858746252899, 1.435532991364906 ], [ 103.797462831107808, 1.437153477088674 ], [ 103.797462840112772, 1.437154178316171 ], [ 103.797462840112757, 1.437154178316172 ], [ 103.797284198541888, 1.437547523179531 ], [ 103.795717024598673, 1.434347988408941 ], [ 103.796080305414279, 1.433403653370978 ], [ 103.796095585342343, 1.433431194564876 ], [ 103.798455676671793, 1.43308218598472 ], [ 103.801542867876179, 1.432623674012784 ], [ 103.80153475995256, 1.432329512826488 ], [ 103.801507472704458, 1.432036477489035 ], [ 103.801443837496706, 1.431789260246238 ], [ 103.801362001549563, 1.431587790910346 ], [ 103.801325637678502, 1.431514522945073 ], [ 103.801207435993859, 1.431358836357361 ], [ 103.797405794103057, 1.427718066458476 ], [ 103.797404021896241, 1.427716884352467 ], [ 103.795307593002448, 1.430421737684032 ], [ 103.793295235788776, 1.428399379787455 ], [ 103.792979299394631, 1.427560707144957 ], [ 103.790827523296898, 1.427704617122196 ], [ 103.788739918508213, 1.429439896985708 ], [ 103.786546914054426, 1.431904944756589 ], [ 103.788090451077679, 1.433406100318945 ], [ 103.790190525396795, 1.433909807653813 ], [ 103.790313344838452, 1.433927508522205 ], [ 103.790488799097503, 1.433915712804794 ], [ 103.790768997096222, 1.433838670508606 ], [ 103.790970405101774, 1.433783282951717 ], [ 103.791252620866828, 1.433705673029194 ], [ 103.791252620896685, 1.4337056730754 ], [ 103.794038549160732, 1.434465486961795 ], [ 103.792256137360539, 1.437501898455951 ], [ 103.792829223252184, 1.439044888884556 ], [ 103.795104943910744, 1.441982172891211 ], [ 103.795672167049645, 1.441895147362811 ], [ 103.797346771889977, 1.440708549560465 ], [ 103.798241146500644, 1.442151697610985 ], [ 103.798416983692178, 1.442183229528532 ], [ 103.798504887629491, 1.442278376520623 ], [ 103.798475255855379, 1.442276549147172 ], [ 103.795354356475428, 1.444304993433719 ], [ 103.795353779393523, 1.444323398484857 ], [ 103.795843882359918, 1.447167629513582 ], [ 103.79646634690279, 1.448580249024312 ] ] ] } },
{ "type": "Feature", "properties": { "area": 988942.40788403561, "ID": 139 }, "geometry": { "type": "Polygon", "coordinates": [ [ [ 103.821254505740356, 1.450369038705522 ], [ 103.821254505740356, 1.450369038705523 ], [ 103.823319114641407, 1.44981745768856 ], [ 103.824146144217195, 1.449595856790681 ], [ 103.824542362117839, 1.44939904276199 ], [ 103.824663525398989, 1.449338857087115 ], [ 103.824869162745856, 1.449223917132214 ], [ 103.824869162745856, 1.449223917132213 ], [ 103.825153088319027, 1.449065218318958 ], [ 103.825616886573769, 1.448735374576769 ], [ 103.826118384415821, 1.448333958735184 ], [ 103.826444882234355, 1.448066586884562 ], [ 103.826471702681374, 1.447935509735411 ], [ 103.824243150684637, 1.447065829862863 ], [ 103.823634891627449, 1.444968939474529 ], [ 103.81945503778762, 1.447034314608941 ], [ 103.819303192538655, 1.447031113014924 ], [ 103.817793029039876, 1.447158224902841 ], [ 103.816576159238991, 1.447498895169129 ], [ 103.815250674934319, 1.445378912195459 ], [ 103.812040165337038, 1.447014278398394 ], [ 103.811590625990107, 1.447431777513551 ], [ 103.812179692651455, 1.448074217961712 ], [ 103.814958178783229, 1.450066995592499 ], [ 103.815096846053663, 1.450480045376648 ], [ 103.814345665233319, 1.454433792364486 ], [ 103.814472355470869, 1.457928871160989 ], [ 103.814490711432484, 1.458215476869367 ], [ 103.814554979851991, 1.458548360732827 ], [ 103.814841525436563, 1.459133012458318 ], [ 103.815217820166879, 1.45990078270926 ], [ 103.817983598385183, 1.45581319747228 ], [ 103.817572016779962, 1.453945162008362 ], [ 103.818584065783568, 1.453139445572725 ], [ 103.819039778053622, 1.454600705588188 ], [ 103.820238094101327, 1.45200571917669 ], [ 103.821191851588637, 1.450252929957463 ], [ 103.821254505740356, 1.450369038705523 ], [ 103.821254505740356, 1.450369038705522 ] ] ] } },
{ "type": "Feature", "properties": { "area": 229574.32015161123, "ID": 140 }, "geometry": { "type": "Polygon", "coordinates": [ [ [ 103.787670880661693, 1.444765208364299 ], [ 103.793201401500923, 1.444617874105991 ], [ 103.793337652107738, 1.444430580250875 ], [ 103.793472943987709, 1.444242583752485 ], [ 103.788319714108923, 1.439330464356375 ], [ 103.787140651211246, 1.442912554251794 ], [ 103.787670880661693, 1.444765208364299 ] ] ] } },
{ "type": "Feature", "properties": { "area": 391502.91664730688, "ID": 141 }, "geometry": { "type": "Polygon", "coordinates": [ [ [ 103.778801229668474, 1.446154049579769 ], [ 103.77902627659779, 1.441912832156548 ], [ 103.776693682728833, 1.440694242397888 ], [ 103.773518487667687, 1.441171932946526 ], [ 103.773313718080104, 1.445745313361983 ], [ 103.773980700120546, 1.446472480515159 ], [ 103.775831040459693, 1.447565282372138 ], [ 103.778266839480352, 1.446524287973801 ], [ 103.778683781432818, 1.446275209603014 ], [ 103.778801229668474, 1.446154049579769 ] ] ] } },
{ "type": "Feature", "properties": { "area": 578715.11787793413, "ID": 142 }, "geometry": { "type": "Polygon", "coordinates": [ [ [ 103.787350560897309, 1.452108497170388 ], [ 103.784300163512668, 1.452144658176005 ], [ 103.787592430375085, 1.457638583162121 ], [ 103.788828829648253, 1.455550413867018 ], [ 103.788957056857981, 1.455310261740803 ], [ 103.788957056875546, 1.455310261775823 ], [ 103.79373267193634, 1.453154737293174 ], [ 103.794131540005097, 1.451024804614897 ], [ 103.792421047062305, 1.447442106725645 ], [ 103.792152102148805, 1.44690857917986 ], [ 103.786932709269706, 1.451275714163337 ], [ 103.787350560897309, 1.452108497170388 ] ] ] } },
{ "type": "Feature", "properties": { "area": 181273.66417385379, "ID": 143 }, "geometry": { "type": "Polygon", "coordinates": [ [ [ 103.831375048920208, 1.375855416141552 ], [ 103.831528432889613, 1.37529033291106 ], [ 103.831497813773439, 1.375245594956622 ], [ 103.832293742080168, 1.374255728120799 ], [ 103.832291872612785, 1.374096710331701 ], [ 103.832288116844182, 1.373786824291505 ], [ 103.832261177403538, 1.373684200062 ], [ 103.831436722110794, 1.371151555647666 ], [ 103.831325155401089, 1.370814486718562 ], [ 103.828589199546499, 1.371504289042772 ], [ 103.829446245671548, 1.372970712054814 ], [ 103.829089743648524, 1.377293189584862 ], [ 103.829978152937102, 1.377208841502529 ], [ 103.831375048920208, 1.375855416141552 ] ] ] } },
{ "type": "Feature", "properties": { "area": 186232.77631458337, "ID": 144 }, "geometry": { "type": "Polygon", "coordinates": [ [ [ 103.838995578565601, 1.381694866975092 ], [ 103.838244609516437, 1.38284164189153 ], [ 103.8411720238078, 1.383694368652537 ], [ 103.841428100499201, 1.383758344621948 ], [ 103.841660993191553, 1.383795083576548 ], [ 103.842241913348829, 1.383870502710166 ], [ 103.844378807018316, 1.379936650641476 ], [ 103.844420471805947, 1.379591389199542 ], [ 103.842118847357796, 1.379557252475446 ], [ 103.842005578108129, 1.379569476002642 ], [ 103.841901311957983, 1.379625857890953 ], [ 103.838995578565601, 1.381694866975092 ] ] ] } },
{ "type": "Feature", "properties": { "area": 3597376.9822576218, "ID": 145 }, "geometry": { "type": "Polygon", "coordinates": [ [ [ 103.847190701097659, 1.418028545924108 ], [ 103.842408134858346, 1.417644765680186 ], [ 103.841951431091417, 1.417223608873417 ], [ 103.841764361951647, 1.416496044821248 ], [ 103.84444854522981, 1.417399128498002 ], [ 103.845937514001051, 1.417168770658419 ], [ 103.845681061773476, 1.416580452426148 ], [ 103.845496323024136, 1.41624534405368 ], [ 103.845205648853081, 1.415843998874577 ], [ 103.844837436752428, 1.415521361864357 ], [ 103.844264234506738, 1.415163752268556 ], [ 103.843496924275641, 1.414832856094018 ], [ 103.84170155381841, 1.414058672728052 ], [ 103.841108854051612, 1.41380714864895 ], [ 103.840517207378497, 1.413566752238569 ], [ 103.839981038262678, 1.413373940622709 ], [ 103.838904312805852, 1.413007428671638 ], [ 103.838373672474034, 1.412831573569744 ], [ 103.837831747003122, 1.412652644801865 ], [ 103.837172050407261, 1.41246273808553 ], [ 103.83715422656411, 1.412457607136611 ], [ 103.837136220666551, 1.412453166469526 ], [ 103.837408929319082, 1.413360653291241 ], [ 103.835208399681107, 1.411977024122897 ], [ 103.834297024189382, 1.411728968370267 ], [ 103.834454834376743, 1.413012310275144 ], [ 103.834469418883245, 1.413096246399381 ], [ 103.834496516866906, 1.413176014149217 ], [ 103.834534075137043, 1.413257018291814 ], [ 103.835396675937133, 1.414985481113322 ], [ 103.83550355040984, 1.415199633914739 ], [ 103.83567612506306, 1.415544987693044 ], [ 103.835690810908886, 1.415567744436484 ], [ 103.835704872945428, 1.415589534543348 ], [ 103.835735270450357, 1.415628181874766 ], [ 103.835772600513849, 1.415660682545167 ], [ 103.835814476122593, 1.41568696563941 ], [ 103.835859984796429, 1.41570632461071 ], [ 103.835907897795892, 1.415718441645143 ], [ 103.835957127072533, 1.415722645296792 ], [ 103.836006338783179, 1.415718653330169 ], [ 103.836054374416605, 1.415707278073342 ], [ 103.836100058615742, 1.415688590206442 ], [ 103.837849585194974, 1.414827014539977 ], [ 103.838110731262731, 1.415696024792621 ], [ 103.83694246960215, 1.417343460472374 ], [ 103.836822152599822, 1.417300060546428 ], [ 103.831258266045367, 1.413193455551394 ], [ 103.830900112002212, 1.414230934168388 ], [ 103.831513433635024, 1.420352308915912 ], [ 103.828937906840594, 1.424618290828051 ], [ 103.829749932680684, 1.424956781037154 ], [ 103.829701435528492, 1.427162978308104 ], [ 103.829770037207041, 1.427582710338201 ], [ 103.826756888783763, 1.427666987507419 ], [ 103.82642111885896, 1.428209690700254 ], [ 103.826612161929091, 1.432679922370273 ], [ 103.829245578787905, 1.43383495534697 ], [ 103.829665438763612, 1.434383662151807 ], [ 103.829790768100352, 1.434506634793765 ], [ 103.830972741320124, 1.435247754966771 ], [ 103.830987390508085, 1.435256940285369 ], [ 103.831002616995562, 1.435265119571499 ], [ 103.832624067603206, 1.431476176337766 ], [ 103.834196766712608, 1.433306526342606 ], [ 103.832708920348779, 1.434441035767976 ], [ 103.832653670770256, 1.434484134190371 ], [ 103.832585233153424, 1.434545001458685 ], [ 103.8338655941577, 1.436746582979324 ], [ 103.835842895003395, 1.436165543144303 ], [ 103.837633553464272, 1.435636279413412 ], [ 103.838100986934833, 1.435599894269413 ], [ 103.841944832565616, 1.436574907429936 ], [ 103.844501097734096, 1.436485955048927 ], [ 103.844549863462703, 1.436481503004691 ], [ 103.844483233121295, 1.434224269105557 ], [ 103.844466679651362, 1.433843010779431 ], [ 103.844069328803499, 1.431192888368443 ], [ 103.844073842998426, 1.431185645619754 ], [ 103.844068252012761, 1.431185706772182 ], [ 103.839489762304723, 1.430130299719568 ], [ 103.839686131685909, 1.429575289169897 ], [ 103.837996494651406, 1.42687979519045 ], [ 103.837735729169651, 1.426332237225452 ], [ 103.837501007253664, 1.425864581538489 ], [ 103.836299858754472, 1.426521632468142 ], [ 103.836286764435812, 1.426544328897867 ], [ 103.835238324024573, 1.425159580935043 ], [ 103.837362533749541, 1.422955089824774 ], [ 103.836782646313452, 1.422353840598464 ], [ 103.835169887914404, 1.420892563393003 ], [ 103.835437376684055, 1.420336027663284 ], [ 103.837731106988556, 1.419267015873834 ], [ 103.838003586903582, 1.419914513425779 ], [ 103.841393449417069, 1.421503490460258 ], [ 103.842687538331617, 1.420953675889637 ], [ 103.843280490179566, 1.421959200357048 ], [ 103.840843096431939, 1.427052266091596 ], [ 103.844286230382451, 1.427433192481714 ], [ 103.846087200280891, 1.429573897858089 ], [ 103.846178655489027, 1.429378151945161 ], [ 103.846610240669762, 1.426981828151983 ], [ 103.847041129938077, 1.426205504706625 ], [ 103.849354106107484, 1.423591995349709 ], [ 103.846960004649119, 1.422657528841046 ], [ 103.845877608274662, 1.422040184709691 ], [ 103.84716674476131, 1.418891530563167 ], [ 103.847190701097659, 1.418028545924108 ] ], [ [ 103.832538235777619, 1.429220274391899 ], [ 103.832281574240241, 1.428780714644889 ], [ 103.83283487126387, 1.428734107062095 ], [ 103.832538235777619, 1.429220274391899 ] ], [ [ 103.834919835067808, 1.425316979535876 ], [ 103.832890464910037, 1.428642992492984 ], [ 103.833179177054731, 1.425699821464336 ], [ 103.834919835067808, 1.425316979535876 ] ], [ [ 103.837630584924398, 1.431403412978256 ], [ 103.837918884997521, 1.431361296148139 ], [ 103.837605261317336, 1.432034353044758 ], [ 103.837404864661238, 1.432041323946283 ], [ 103.837250067913317, 1.432071599262349 ], [ 103.83673789401243, 1.432203793714768 ], [ 103.837630584924398, 1.431403412978256 ] ] ] } },
{ "type": "Feature", "properties": { "area": 216121.23755858862, "ID": 146 }, "geometry": { "type": "Polygon", "coordinates": [ [ [ 103.822214563197107, 1.440882516065807 ], [ 103.823647440448738, 1.44495544468879 ], [ 103.826157122401042, 1.441600335426812 ], [ 103.826438551232059, 1.439486648121182 ], [ 103.826394859689003, 1.438362899842346 ], [ 103.825476830599769, 1.437360133159578 ], [ 103.825114685668623, 1.437674711448566 ], [ 103.822214563197107, 1.440882516065807 ] ] ] } },
{ "type": "Feature", "properties": { "area": 936568.10861315252, "ID": 147 }, "geometry": { "type": "Polygon", "coordinates": [ [ [ 103.839487236644374, 1.441113956691465 ], [ 103.837127431550314, 1.442754997862461 ], [ 103.833809628570265, 1.443452387062393 ], [ 103.834142629051343, 1.444973292524558 ], [ 103.832092258692953, 1.445451654641309 ], [ 103.828320363043602, 1.446544433727552 ], [ 103.829062823054485, 1.450945618461706 ], [ 103.828772986752881, 1.451001380881177 ], [ 103.829892246372879, 1.456765423801447 ], [ 103.834159562143071, 1.455594986907304 ], [ 103.83392692269878, 1.450009800680405 ], [ 103.831713919111579, 1.450435566651178 ], [ 103.834749626861978, 1.447678088424803 ], [ 103.834917799005908, 1.448378561565373 ], [ 103.840100010935785, 1.443234612035216 ], [ 103.842341604663474, 1.441254901091505 ], [ 103.839487236644374, 1.441113956691465 ] ] ] } },
{ "type": "Feature", "properties": { "area": 138472.03807586525, "ID": 148 }, "geometry": { "type": "Polygon", "coordinates": [ [ [ 103.807995033365998, 1.456433286694014 ], [ 103.808592479261179, 1.456773940482753 ], [ 103.807369632214773, 1.452857705019426 ], [ 103.804495446614482, 1.451043089567647 ], [ 103.804273260991678, 1.451108403039294 ], [ 103.80468519921871, 1.45421112669017 ], [ 103.804767352024641, 1.454412066042235 ], [ 103.804943419856087, 1.454577538580213 ], [ 103.807407324190748, 1.456075889372341 ], [ 103.807995033365998, 1.456433286694014 ] ] ] } },
{ "type": "Feature", "properties": { "area": 141475.16607811372, "ID": 149 }, "geometry": { "type": "Polygon", "coordinates": [ [ [ 103.816461513393435, 1.46321860110427 ], [ 103.817016458442993, 1.462836499389656 ], [ 103.824491714859548, 1.45885685403264 ], [ 103.821803574266326, 1.457540291127299 ], [ 103.817672838295096, 1.46200251638281 ], [ 103.814513721017548, 1.463945782509799 ], [ 103.814652623553243, 1.463922259232937 ], [ 103.814788389284971, 1.463884436945386 ], [ 103.814857285098427, 1.463865243606005 ], [ 103.815223906903128, 1.463762021953931 ], [ 103.815523501775559, 1.463663816215568 ], [ 103.815681758786482, 1.463600123401097 ], [ 103.815949920037696, 1.463481993153884 ], [ 103.816201320085511, 1.463365734772981 ], [ 103.81631462922067, 1.463311403377433 ], [ 103.816461513393435, 1.46321860110427 ] ] ] } },
{ "type": "Feature", "properties": { "area": 281103.73110464215, "ID": 150 }, "geometry": { "type": "Polygon", "coordinates": [ [ [ 103.812941479838457, 1.463958033404058 ], [ 103.811813727492947, 1.457746910569057 ], [ 103.806131587302261, 1.460742635185398 ], [ 103.811928422778522, 1.464510231159136 ], [ 103.812941479838457, 1.463958033404058 ] ] ] } }
]
}
